k,layer_from,layer_to,is_final_transition,format,position,category,prompt_slug,jaccard,weighted_similarity,cosine_similarity,frequency_adjusted_similarity,similarity_without_output_token,delta_explained_fraction
10,14,21,false,chat,-2,antonym,chat-antonym-early,0.052631579,0.00054961478,0.12308768,0.00036322373,0.00054961478,-0.0011814237
10,14,21,false,chat,-2,antonym,chat-antonym-north,0.052631579,0.00042341736,0.06562292,0.00027927691,0.00042341736,-0.0011506081
10,14,21,false,chat,-2,association,chat-association-desert,0.052631579,0.00043407344,0.14120995,0.00028632202,0.00043407344,-0.0011127591
10,14,21,false,chat,-2,counting,chat-counting-triangle,0.052631579,0.00045761494,0.058622412,0.00030555353,0.00045761494,-0.0012090802
10,14,21,false,chat,-2,factual,chat-factual-canberra,0,0,0,0,0,-0.0012404323
10,14,21,false,chat,-2,factual,chat-factual-gold,0.11111111,0.0011309027,0.21667007,0.00080453232,0.0011309027,-0.0010631084
10,14,21,false,chat,-2,multihop,chat-multihop-sushi-currency,0.052631579,0.00053165671,0.094212681,0.00035605102,0.00053165671,-0.0011547208
10,14,21,false,chat,-2,syntactic,chat-syntactic-plural-child,0.052631579,0.00056889532,0.065794273,0.00037494926,0.00056889532,-0.0011043549
10,14,21,false,chat,-1,antonym,chat-antonym-early,0,0,0,0,0,-0.00039899349
10,14,21,false,chat,-1,antonym,chat-antonym-north,0,0,0,0,0,-0.00063711405
10,14,21,false,chat,-1,association,chat-association-desert,0,0,0,0,0,-0.00045448542
10,14,21,false,chat,-1,counting,chat-counting-triangle,0,0,0,0,0,-0.00037062168
10,14,21,false,chat,-1,factual,chat-factual-canberra,0,0,0,0,0,-0.00039064884
10,14,21,false,chat,-1,factual,chat-factual-gold,0.055555556,0.0004206551,0.097168555,0.00035166532,0.0004206551,-0.00034284592
10,14,21,false,chat,-1,multihop,chat-multihop-sushi-currency,0,0,0,0,0,-0.00037622452
10,14,21,false,chat,-1,syntactic,chat-syntactic-plural-child,0.052631579,0.00042157941,0.067978026,0.0003749702,0.00042157941,-0.00038397312
10,14,21,false,plain,-2,antonym,antonym-early-late,0.052631579,0.00016126304,0.25435874,0.00016203511,0.00016126304,-0.0028168559
10,14,21,false,plain,-2,antonym,antonym-fast-slow,0,0,0,0,0,-0.0010456443
10,14,21,false,plain,-2,antonym,antonym-north-south,0.052631579,0.00012904275,0.069264696,0.0001445561,0.00012904275,-0.00086432695
10,14,21,false,plain,-2,antonym,antonym-tall-short,0.11111111,0.00019798964,0.10160813,0.00014475067,0.00019798964,-0.00088799
10,14,21,false,plain,-2,antonym,antonym-victory-defeat,0.17647059,0.00046583978,0.3451582,0.00042472056,0.00046583978,-0.0038781166
10,14,21,false,plain,-2,association,association-birthday,0.11111111,0.00042945535,0.41447646,0.00039371968,0.00042945535,-0.0018470883
10,14,21,false,plain,-2,association,association-desert,0,0,0,0,0,-0.0022729635
10,14,21,false,plain,-2,association,association-doctor,0.052631579,0.00025532297,0.16322753,0.00027397685,0.00025532297,-0.0010820627
10,14,21,false,plain,-2,association,association-storm,0,0,0,0,0,-0.0023851991
10,14,21,false,plain,-2,association,association-violin,0,0,0,0,0,-0.00097697973
10,14,21,false,plain,-2,counting,counting-colors-three,0.11111111,0.00018479769,0.12877929,0.00015787329,0.00018479769,-0.0020968318
10,14,21,false,plain,-2,counting,counting-days-four,0.052631579,0.00011064285,0.024539388,0.00011586167,0.00011064285,-0.001529634
10,14,21,false,plain,-2,counting,counting-triangle-sides,0.11111111,0.0002366422,0.028686148,0.00022744323,0.0002366422,-0.0027095079
10,14,21,false,plain,-2,counting,counting-week-days,0.11111111,0.00027868858,0.32330951,0.00027730325,0.00027868858,-0.0029335618
10,14,21,false,plain,-2,factual,factual-canberra,0.17647059,0.00052040678,0.5395583,0.00050675958,0.00052040678,-0.0041074753
10,14,21,false,plain,-2,factual,factual-gold-symbol,0.052631579,0.00041020421,0.60634099,0.00035524149,0.00041020421,-0.0037847757
10,14,21,false,plain,-2,factual,factual-mercury,0.052631579,0.00014484688,0.11274309,0.00011996842,0.00014484688,-0.0022511482
10,14,21,false,plain,-2,factual,factual-pacific,0,0,0,0,0,-0.0015776753
10,14,21,false,plain,-2,factual,factual-photosynthesis,0,0,0,0,0,-0.0023404956
10,14,21,false,plain,-2,factual,factual-shakespeare,0,0,0,0,0,-0.0029646158
10,14,21,false,plain,-2,multihop,multihop-cairo-continent,0,0,0,0,0,-0.0028569698
10,14,21,false,plain,-2,multihop,multihop-eiffel-capital,0.11764706,0.00025377092,0.22288175,0.00019087245,0.00025377092,-0.0013167858
10,14,21,false,plain,-2,multihop,multihop-kangaroo-hemisphere,0,0,0,0,0,-0.00078564882
10,14,21,false,plain,-2,multihop,multihop-madrid-language,0.052631579,0.00068213214,0.82658665,0.00066929831,0.00068213214,-0.0026464462
10,14,21,false,plain,-2,multihop,multihop-sushi-currency,0.052631579,1.7376486e-05,0.010200829,1.6029943e-05,1.7376486e-05,-0.0011044145
10,14,21,false,plain,-2,syntactic,syntactic-alphabet,0,0,0,0,0,-0.00065392256
10,14,21,false,plain,-2,syntactic,syntactic-numbered-list,0,0,0,0,0,-0.00062918663
10,14,21,false,plain,-2,syntactic,syntactic-past-go,0,0,0,0,0,-0.00075185299
10,14,21,false,plain,-2,syntactic,syntactic-plural-child,0,0,0,0,0,-0.0006827116
10,14,21,false,plain,-2,syntactic,syntactic-roses-blue,0.052631579,9.1048751e-05,0.045657381,8.5123168e-05,9.1048751e-05,-0.0037848353
10,14,21,false,plain,-1,antonym,antonym-early-late,0,0,0,0,0,-0.0006377697
10,14,21,false,plain,-1,antonym,antonym-fast-slow,0.052631579,0.00018438237,0.083424063,0.0001954336,0.00018438237,-0.0010398626
10,14,21,false,plain,-1,antonym,antonym-north-south,0.052631579,0.00027048392,0.26350291,0.00026887139,0.00027048392,-0.0010151267
10,14,21,false,plain,-1,antonym,antonym-tall-short,0.052631579,0.00012715133,0.088024637,0.00012423443,0.00012715133,-0.0010425448
10,14,21,false,plain,-1,antonym,antonym-victory-defeat,0,0,0,0,0,-0.0011667013
10,14,21,false,plain,-1,association,association-birthday,0,0,0,0,0,-0.0021425486
10,14,21,false,plain,-1,association,association-desert,0.17647059,0.00028244434,0.47303832,0.0002676563,0.00028244434,-0.0045004487
10,14,21,false,plain,-1,association,association-doctor,0,0,0,0,0,-0.00060325861
10,14,21,false,plain,-1,association,association-storm,0.1875,0.00035379417,0.46452535,0.00031370157,0.00040728383,-0.0046351552
10,14,21,false,plain,-1,association,association-violin,0,0,0,0,0,-0.0019134879
10,14,21,false,plain,-1,counting,counting-colors-three,0,0,0,0,0,-0.0018771291
10,14,21,false,plain,-1,counting,counting-days-four,0,0,0,0,0,-0.0012548566
10,14,21,false,plain,-1,counting,counting-triangle-sides,0.052631579,0.00020960673,0.054073383,0.00016805788,0.00020960673,-0.0011624694
10,14,21,false,plain,-1,counting,counting-week-days,0,0,0,0,0,-0.0012165308
10,14,21,false,plain,-1,factual,factual-canberra,0.052631579,0.00012802383,0.30602575,0.00010303055,0,-0.0031191707
10,14,21,false,plain,-1,factual,factual-gold-symbol,0,0,0,0,0,-0.001318872
10,14,21,false,plain,-1,factual,factual-mercury,0.052631579,5.6929347e-05,0.035734443,5.4813247e-05,5.6929347e-05,-0.001613915
10,14,21,false,plain,-1,factual,factual-pacific,0,0,0,0,0,-0.0037384629
10,14,21,false,plain,-1,factual,factual-photosynthesis,0,0,0,0,0,-0.0012113452
10,14,21,false,plain,-1,factual,factual-shakespeare,0.11111111,0.00018130081,0.042969751,0.00016279795,0.00021742334,-0.0038666129
10,14,21,false,plain,-1,multihop,multihop-cairo-continent,0.052631579,0.00020107206,0.21513998,0.00020237636,0.00020107206,-0.0007366538
10,14,21,false,plain,-1,multihop,multihop-eiffel-capital,0.052631579,8.1112789e-05,0.087764156,8.3298302e-05,8.1112789e-05,-0.0016034245
10,14,21,false,plain,-1,multihop,multihop-kangaroo-hemisphere,0,0,0,0,0,-0.00097483397
10,14,21,false,plain,-1,multihop,multihop-madrid-language,0,0,0,0,0,-0.0012344718
10,14,21,false,plain,-1,multihop,multihop-sushi-currency,0.052631579,0.00022498039,0.43182712,0.00020205179,0.00022498039,-0.0037065744
10,14,21,false,plain,-1,syntactic,syntactic-alphabet,0,0,0,0,0,-0.00074058771
10,14,21,false,plain,-1,syntactic,syntactic-numbered-list,0,0,0,0,0,-0.0029700398
10,14,21,false,plain,-1,syntactic,syntactic-past-go,0.052631579,0.0003073112,0.13168481,0.00022836132,0.0003073112,-0.00087571144
10,14,21,false,plain,-1,syntactic,syntactic-plural-child,0.052631579,0.00045466204,0.33166227,0.00034598017,0.00045466204,-0.0010245442
10,14,21,false,plain,-1,syntactic,syntactic-roses-blue,0,0,0,0,0,-0.0021742582
10,21,28,false,chat,-2,antonym,chat-antonym-early,0,0,0,0,0,0.0037497282
10,21,28,false,chat,-2,antonym,chat-antonym-north,0,0,0,0,0,0.0031374693
10,21,28,false,chat,-2,association,chat-association-desert,0,0,0,0,0,0.0036450028
10,21,28,false,chat,-2,counting,chat-counting-triangle,0,0,0,0,0,0.0043371916
10,21,28,false,chat,-2,factual,chat-factual-canberra,0,0,0,0,0,0.0032539368
10,21,28,false,chat,-2,factual,chat-factual-gold,0,0,0,0,0,0.0035390854
10,21,28,false,chat,-2,multihop,chat-multihop-sushi-currency,0,0,0,0,0,0.0035170317
10,21,28,false,chat,-2,syntactic,chat-syntactic-plural-child,0,0,0,0,0,0.003749609
10,21,28,false,chat,-1,antonym,chat-antonym-early,0,0,0,0,0,0.0044859648
10,21,28,false,chat,-1,antonym,chat-antonym-north,0,0,0,0,0,0.0041523576
10,21,28,false,chat,-1,association,chat-association-desert,0,0,0,0,0,0.0041994452
10,21,28,false,chat,-1,counting,chat-counting-triangle,0,0,0,0,0,0.00571841
10,21,28,false,chat,-1,factual,chat-factual-canberra,0.052631579,9.5763831e-05,0.047353481,6.980381e-05,9.5763831e-05,0.0049700737
10,21,28,false,chat,-1,factual,chat-factual-gold,0,0,0,0,0,0.0043903589
10,21,28,false,chat,-1,multihop,chat-multihop-sushi-currency,0,0,0,0,0,0.0044554472
10,21,28,false,chat,-1,syntactic,chat-syntactic-plural-child,0,0,0,0,0,0.0045049191
10,21,28,false,plain,-2,antonym,antonym-early-late,0,0,0,0,0,0.0083526373
10,21,28,false,plain,-2,antonym,antonym-fast-slow,0,0,0,0,0,0.0054786801
10,21,28,false,plain,-2,antonym,antonym-north-south,0,0,0,0,0,0.0055048466
10,21,28,false,plain,-2,antonym,antonym-tall-short,0,0,0,0,0,0.0057628751
10,21,28,false,plain,-2,antonym,antonym-victory-defeat,0,0,0,0,0,0.0064073205
10,21,28,false,plain,-2,association,association-birthday,0,0,0,0,0,0.0060021877
10,21,28,false,plain,-2,association,association-desert,0,0,0,0,0,0.0092756152
10,21,28,false,plain,-2,association,association-doctor,0,0,0,0,0,0.0087820292
10,21,28,false,plain,-2,association,association-storm,0,0,0,0,0,0.0066850185
10,21,28,false,plain,-2,association,association-violin,0,0,0,0,0,0.0081195235
10,21,28,false,plain,-2,counting,counting-colors-three,0,0,0,0,0,0.0068711638
10,21,28,false,plain,-2,counting,counting-days-four,0,0,0,0,0,0.0088427067
10,21,28,false,plain,-2,counting,counting-triangle-sides,0,0,0,0,0,0.0077020526
10,21,28,false,plain,-2,counting,counting-week-days,0,0,0,0,0,0.0075663328
10,21,28,false,plain,-2,factual,factual-canberra,0.052631579,0.00010027241,0.054338041,7.9664713e-05,0.00010027241,0.0079456568
10,21,28,false,plain,-2,factual,factual-gold-symbol,0,0,0,0,0,0.0056601167
10,21,28,false,plain,-2,factual,factual-mercury,0,0,0,0,0,0.0078419447
10,21,28,false,plain,-2,factual,factual-pacific,0,0,0,0,0,0.0073632002
10,21,28,false,plain,-2,factual,factual-photosynthesis,0,0,0,0,0,0.010813832
10,21,28,false,plain,-2,factual,factual-shakespeare,0.11111111,0.00021059491,0.21995217,0.00020292921,0.00021059491,0.011122286
10,21,28,false,plain,-2,multihop,multihop-cairo-continent,0,0,0,0,0,0.0081666708
10,21,28,false,plain,-2,multihop,multihop-eiffel-capital,0,0,0,0,0,0.007535398
10,21,28,false,plain,-2,multihop,multihop-kangaroo-hemisphere,0,0,0,0,0,0.0067912936
10,21,28,false,plain,-2,multihop,multihop-madrid-language,0,0,0,0,0,0.0073920488
10,21,28,false,plain,-2,multihop,multihop-sushi-currency,0,0,0,0,0,0.0065720081
10,21,28,false,plain,-2,syntactic,syntactic-alphabet,0,0,0,0,0,0.0075988173
10,21,28,false,plain,-2,syntactic,syntactic-numbered-list,0,0,0,0,0,0.0057303309
10,21,28,false,plain,-2,syntactic,syntactic-past-go,0,0,0,0,0,0.008610189
10,21,28,false,plain,-2,syntactic,syntactic-plural-child,0,0,0,0,0,0.0077640414
10,21,28,false,plain,-2,syntactic,syntactic-roses-blue,0,0,0,0,0,0.0055390596
10,21,28,false,plain,-1,antonym,antonym-early-late,0,0,0,0,0,0.0089840889
10,21,28,false,plain,-1,antonym,antonym-fast-slow,0.052631579,9.1143985e-05,0.19938707,6.1109002e-05,9.1143985e-05,0.012595057
10,21,28,false,plain,-1,antonym,antonym-north-south,0.052631579,0.00017483733,0.22008875,0.00015773426,0.00017483733,0.010668218
10,21,28,false,plain,-1,antonym,antonym-tall-short,0,0,0,0,0,0.01063323
10,21,28,false,plain,-1,antonym,antonym-victory-defeat,0.052631579,7.7439278e-05,0.085968935,4.774638e-05,7.7446365e-05,0.0132882
10,21,28,false,plain,-1,association,association-birthday,0,0,0,0,0,0.0089108944
10,21,28,false,plain,-1,association,association-desert,0,0,0,0,0,0.0074227452
10,21,28,false,plain,-1,association,association-doctor,0,0,0,0,0,0.0066407323
10,21,28,false,plain,-1,association,association-storm,0.055555556,8.1537129e-05,0.0077373416,7.6244268e-05,0.00012925758,0.005687654
10,21,28,false,plain,-1,association,association-violin,0,0,0,0,0,0.0094715953
10,21,28,false,plain,-1,counting,counting-colors-three,0,0,0,0,0,0.009175539
10,21,28,false,plain,-1,counting,counting-days-four,0,0,0,0,0,0.0085632205
10,21,28,false,plain,-1,counting,counting-triangle-sides,0,0,0,0,0,0.010758817
10,21,28,false,plain,-1,counting,counting-week-days,0,0,0,0,0,0.0093838573
10,21,28,false,plain,-1,factual,factual-canberra,0,0,0,0,0,0.0091376901
10,21,28,false,plain,-1,factual,factual-gold-symbol,0,0,0,0,0,0.0088322759
10,21,28,false,plain,-1,factual,factual-mercury,0,0,0,0,0,0.0094416738
10,21,28,false,plain,-1,factual,factual-pacific,0,0,0,0,0,0.0083169341
10,21,28,false,plain,-1,factual,factual-photosynthesis,0,0,0,0,0,0.0095534921
10,21,28,false,plain,-1,factual,factual-shakespeare,0,0,0,0,0,0.008885622
10,21,28,false,plain,-1,multihop,multihop-cairo-continent,0,0,0,0,0,0.006477952
10,21,28,false,plain,-1,multihop,multihop-eiffel-capital,0,0,0,0,0,0.0075896978
10,21,28,false,plain,-1,multihop,multihop-kangaroo-hemisphere,0,0,0,0,0,0.0092599988
10,21,28,false,plain,-1,multihop,multihop-madrid-language,0,0,0,0,0,0.0069434643
10,21,28,false,plain,-1,multihop,multihop-sushi-currency,0.052631579,0.0001902502,0.041643431,0.00016555206,0.0001902502,0.0094946623
10,21,28,false,plain,-1,syntactic,syntactic-alphabet,0,0,0,0,0,0.0071591735
10,21,28,false,plain,-1,syntactic,syntactic-numbered-list,0.052631579,0.00021239392,0.52434733,0.00021818574,0.00021239392,0.007643044
10,21,28,false,plain,-1,syntactic,syntactic-past-go,0,0,0,0,0,0.008233726
10,21,28,false,plain,-1,syntactic,syntactic-plural-child,0,0,0,0,0,0.007909894
10,21,28,false,plain,-1,syntactic,syntactic-roses-blue,0,0,0,0,0,0.0061695576
10,28,35,false,chat,-2,antonym,chat-antonym-early,0,0,0,0,0,0.015773177
10,28,35,false,chat,-2,antonym,chat-antonym-north,0,0,0,0,0,0.011327684
10,28,35,false,chat,-2,association,chat-association-desert,0.052631579,0.010048947,0.011114578,0.0083820282,0.010048947,0.017236769
10,28,35,false,chat,-2,counting,chat-counting-triangle,0.052631579,0.035007731,0.1436172,0.034085644,0.035007731,0.0051433444
10,28,35,false,chat,-2,factual,chat-factual-canberra,0,0,0,0,0,0.021282017
10,28,35,false,chat,-2,factual,chat-factual-gold,0,0,0,0,0,0.0088577271
10,28,35,false,chat,-2,multihop,chat-multihop-sushi-currency,0,0,0,0,0,0.0084265471
10,28,35,false,chat,-2,syntactic,chat-syntactic-plural-child,0,0,0,0,0,0.010060668
10,28,35,false,chat,-1,antonym,chat-antonym-early,0,0,0,0,0,0.01328665
10,28,35,false,chat,-1,antonym,chat-antonym-north,0,0,0,0,0,0.0061853528
10,28,35,false,chat,-1,association,chat-association-desert,0,0,0,0,0,0.011229813
10,28,35,false,chat,-1,counting,chat-counting-triangle,0.052631579,0.049567231,0.14818722,0.045276893,0.049567231,0.0010106564
10,28,35,false,chat,-1,factual,chat-factual-canberra,0,0,0,0,0,0.015566826
10,28,35,false,chat,-1,factual,chat-factual-gold,0,0,0,0,0,0.0082964897
10,28,35,false,chat,-1,multihop,chat-multihop-sushi-currency,0,0,0,0,0,0.004829824
10,28,35,false,chat,-1,syntactic,chat-syntactic-plural-child,0,0,0,0,0,0.0061742663
10,28,35,false,plain,-2,antonym,antonym-early-late,0,0,0,0,0,0.0071502924
10,28,35,false,plain,-2,antonym,antonym-fast-slow,0,0,0,0,0,0.008394897
10,28,35,false,plain,-2,antonym,antonym-north-south,0,0,0,0,0,0.010174453
10,28,35,false,plain,-2,antonym,antonym-tall-short,0,0,0,0,0,0.0096600652
10,28,35,false,plain,-2,antonym,antonym-victory-defeat,0.052631579,0.050515995,0.064161655,0.047512684,0.063798522,0.0099478364
10,28,35,false,plain,-2,association,association-birthday,0,0,0,0,0,0.010079205
10,28,35,false,plain,-2,association,association-desert,0,0,0,0,0,0.013102114
10,28,35,false,plain,-2,association,association-doctor,0,0,0,0,0,0.013692796
10,28,35,false,plain,-2,association,association-storm,0,0,0,0,0,0.019676447
10,28,35,false,plain,-2,association,association-violin,0.052631579,0.015607896,0.028469377,0.012406138,0.016582642,0.0067303181
10,28,35,false,plain,-2,counting,counting-colors-three,0,0,0,0,0,0.013132751
10,28,35,false,plain,-2,counting,counting-days-four,0,0,0,0,0,0.013320684
10,28,35,false,plain,-2,counting,counting-triangle-sides,0,0,0,0,0,0.011799335
10,28,35,false,plain,-2,counting,counting-week-days,0,0,0,0,0,0.011826098
10,28,35,false,plain,-2,factual,factual-canberra,0,0,0,0,0,0.011878014
10,28,35,false,plain,-2,factual,factual-gold-symbol,0.052631579,0.057998808,0.10104259,0.052802068,0.07776533,0.0097288489
10,28,35,false,plain,-2,factual,factual-mercury,0,0,0,0,0,0.011146903
10,28,35,false,plain,-2,factual,factual-pacific,0,0,0,0,0,0.0057826638
10,28,35,false,plain,-2,factual,factual-photosynthesis,0.052631579,0.11983679,0.41178744,0.10028097,0,0.0097151399
10,28,35,false,plain,-2,factual,factual-shakespeare,0,0,0,0,0,0.0064393282
10,28,35,false,plain,-2,multihop,multihop-cairo-continent,0,0,0,0,0,0.011563301
10,28,35,false,plain,-2,multihop,multihop-eiffel-capital,0,0,0,0,0,0.012341976
10,28,35,false,plain,-2,multihop,multihop-kangaroo-hemisphere,0,0,0,0,0,0.012707829
10,28,35,false,plain,-2,multihop,multihop-madrid-language,0,0,0,0,0,0.011792243
10,28,35,false,plain,-2,multihop,multihop-sushi-currency,0,0,0,0,0,0.008426249
10,28,35,false,plain,-2,syntactic,syntactic-alphabet,0,0,0,0,0,0.0015074015
10,28,35,false,plain,-2,syntactic,syntactic-numbered-list,0.052631579,0.013808449,0.067795234,0.0097151931,0,0.017544687
10,28,35,false,plain,-2,syntactic,syntactic-past-go,0.052631579,0.026233617,0.017412524,0.025639973,0.032136139,0.014342248
10,28,35,false,plain,-2,syntactic,syntactic-plural-child,0,0,0,0,0,0.013302386
10,28,35,false,plain,-2,syntactic,syntactic-roses-blue,0,0,0,0,0,0.0016263723
10,28,35,false,plain,-1,antonym,antonym-early-late,0,0,0,0,0,0.0086886287
10,28,35,false,plain,-1,antonym,antonym-fast-slow,0.052631579,0.042222479,0.10775526,0.027143608,0.051059555,0.0055583715
10,28,35,false,plain,-1,antonym,antonym-north-south,0.052631579,0.068335375,0.18313948,0.044584515,0.07902074,0.0002732873
10,28,35,false,plain,-1,antonym,antonym-tall-short,0.052631579,0.064046325,0.21023146,0.040641961,0.069989745,0.00018924475
10,28,35,false,plain,-1,antonym,antonym-victory-defeat,0,0,0,0,0,0.0054941773
10,28,35,false,plain,-1,association,association-birthday,0.052631579,0.16937885,0.55207089,0.15350271,0,0.011177421
10,28,35,false,plain,-1,association,association-desert,0.052631579,0.036954419,0.031329973,0.031556294,0.040141207,0.014275014
10,28,35,false,plain,-1,association,association-doctor,0,0,0,0,0,0.010461867
10,28,35,false,plain,-1,association,association-storm,0.052631579,0.11362239,0.38925143,0.10681523,0,0.019265771
10,28,35,false,plain,-1,association,association-violin,0,0,0,0,0,0.0066162944
10,28,35,false,plain,-1,counting,counting-colors-three,0,0,0,0,0,0.011989295
10,28,35,false,plain,-1,counting,counting-days-four,0.052631579,0.03918255,0.077251302,0.041128116,0.042341499,0.013138473
10,28,35,false,plain,-1,counting,counting-triangle-sides,0,0,0,0,0,0.0029873848
10,28,35,false,plain,-1,counting,counting-week-days,0,0,0,0,0,0.0075475574
10,28,35,false,plain,-1,factual,factual-canberra,0,0,0,0,0,0.013327897
10,28,35,false,plain,-1,factual,factual-gold-symbol,0,0,0,0,0,0.011177242
10,28,35,false,plain,-1,factual,factual-mercury,0,0,0,0,0,0.0067681074
10,28,35,false,plain,-1,factual,factual-pacific,0,0,0,0,0,0.0080907941
10,28,35,false,plain,-1,factual,factual-photosynthesis,0.052631579,0.013491061,0.0084965952,0.013954955,0.016374881,0.0092756152
10,28,35,false,plain,-1,factual,factual-shakespeare,0.052631579,0.040285895,0.044044165,0.035975601,0.049626273,0.0068843961
10,28,35,false,plain,-1,multihop,multihop-cairo-continent,0.052631579,0.053091969,0.077461622,0.053809127,0.062196729,0.0099382997
10,28,35,false,plain,-1,multihop,multihop-eiffel-capital,0,0,0,0,0,0.011918008
10,28,35,false,plain,-1,multihop,multihop-kangaroo-hemisphere,0,0,0,0,0,0.0077845454
10,28,35,false,plain,-1,multihop,multihop-madrid-language,0.052631579,0.050900626,0.075134518,0.051631016,0.058829043,0.0093013048
10,28,35,false,plain,-1,multihop,multihop-sushi-currency,0,0,0,0,0,0.0025243163
10,28,35,false,plain,-1,syntactic,syntactic-alphabet,0,0,0,0,0,3.9219856e-05
10,28,35,false,plain,-1,syntactic,syntactic-numbered-list,0.052631579,0.044276821,0.046463545,0.044685567,0.048314866,0.0055942535
10,28,35,false,plain,-1,syntactic,syntactic-past-go,0,0,0,0,0,0.0062909126
10,28,35,false,plain,-1,syntactic,syntactic-plural-child,0.052631579,0.043058696,0.083548177,0.044977032,0.043058696,0.0087916851
10,28,35,false,plain,-1,syntactic,syntactic-roses-blue,0.11111111,0.071948755,0.099427582,0.069925636,0.081395449,0.0026609302
10,35,38,true,chat,-2,antonym,chat-antonym-early,0.17647059,0.18979034,0.84142607,0.17811576,0.18979034,-0.011534929
10,35,38,true,chat,-2,antonym,chat-antonym-north,0.17647059,0.24369085,0.715275,0.2156466,0.18878807,0.0047343373
10,35,38,true,chat,-2,association,chat-association-desert,0.33333333,0.29108885,0.85447436,0.2672655,0.29108885,-0.0090290904
10,35,38,true,chat,-2,counting,chat-counting-triangle,0.11111111,0.10439642,0.49130562,0.096490399,0.10866641,0.00066441298
10,35,38,true,chat,-2,factual,chat-factual-canberra,0.17647059,0.19743133,0.66714335,0.15893654,0.064108674,-0.010231912
10,35,38,true,chat,-2,factual,chat-factual-gold,0.33333333,0.27094603,0.63183675,0.24871746,0.22168636,-0.0025284886
10,35,38,true,chat,-2,multihop,chat-multihop-sushi-currency,0.25,0.26075845,0.63016771,0.23339716,0.18276128,0.00049203634
10,35,38,true,chat,-2,syntactic,chat-syntactic-plural-child,0.11111111,0.1942348,0.75749953,0.18558848,0.1942348,-0.005140543
10,35,38,true,chat,-1,antonym,chat-antonym-early,0.17647059,0.20173486,0.85587993,0.17866494,0.22352558,-0.01089102
10,35,38,true,chat,-1,antonym,chat-antonym-north,0.25,0.35799921,0.83261401,0.32440695,0.35799921,0.0076822639
10,35,38,true,chat,-1,association,chat-association-desert,0.25,0.26318846,0.83078004,0.24221432,0.26318846,-0.006705761
10,35,38,true,chat,-1,counting,chat-counting-triangle,0.17647059,0.18277459,0.62630115,0.18602875,0.18277459,0.000205338
10,35,38,true,chat,-1,factual,chat-factual-canberra,0.17647059,0.19902647,0.68046165,0.16435856,0.19902647,-0.0092225075
10,35,38,true,chat,-1,factual,chat-factual-gold,0.33333333,0.30988664,0.64265834,0.28386332,0.30988664,-0.0041055083
10,35,38,true,chat,-1,multihop,chat-multihop-sushi-currency,0.42857143,0.35333815,0.70620845,0.33329846,0.35333815,0.0005068779
10,35,38,true,chat,-1,syntactic,chat-syntactic-plural-child,0.17647059,0.099645503,0.22274574,0.091318192,0.099645503,-0.0035496354
10,35,38,true,plain,-2,antonym,antonym-early-late,0.25,0.27764956,0.80364945,0.21854921,0.1625912,-5.9127808e-05
10,35,38,true,plain,-2,antonym,antonym-fast-slow,0.33333333,0.41884957,0.87676055,0.39400879,0.20774161,0.0069689751
10,35,38,true,plain,-2,antonym,antonym-north-south,0.66666667,0.5182148,0.90923411,0.49228997,0.33457086,0.007928133
10,35,38,true,plain,-2,antonym,antonym-tall-short,0.42857143,0.46554123,0.90308141,0.45087257,0.25258032,0.011022925
10,35,38,true,plain,-2,antonym,antonym-victory-defeat,0.33333333,0.3849627,0.89818536,0.31115217,0.1891261,0.0024492145
10,35,38,true,plain,-2,association,association-birthday,0.25,0.279875,0.74428644,0.27316618,0.15606576,0.0042800307
10,35,38,true,plain,-2,association,association-desert,0.33333333,0.23703429,0.63699987,0.22711273,0.20199851,-0.0082451701
10,35,38,true,plain,-2,association,association-doctor,0.33333333,0.28519629,0.83238879,0.24033699,0.18064835,-0.0015597343
10,35,38,true,plain,-2,association,association-storm,0.33333333,0.30001214,0.57360296,0.29472887,0.24814931,-0.0059757829
10,35,38,true,plain,-2,association,association-violin,0.33333333,0.24229009,0.55427592,0.21182157,0.26605923,-0.0017258525
10,35,38,true,plain,-2,counting,counting-colors-three,0.25,0.26688709,0.78448551,0.20063172,0.13997196,0.0013613105
10,35,38,true,plain,-2,counting,counting-days-four,0.33333333,0.29774955,0.68909654,0.24479597,0.23353887,0.00078982115
10,35,38,true,plain,-2,counting,counting-triangle-sides,0.11111111,0.23229398,0.8299148,0.1638147,0.056056237,0.0011615753
10,35,38,true,plain,-2,counting,counting-week-days,0.17647059,0.26000617,0.82815996,0.19736534,0.09279402,0.002161622
10,35,38,true,plain,-2,factual,factual-canberra,0.42857143,0.3900766,0.9173724,0.33507327,0.26067474,0.00011885166
10,35,38,true,plain,-2,factual,factual-gold-symbol,0.17647059,0.30151447,0.8970077,0.23082071,0.099432393,0.0012134314
10,35,38,true,plain,-2,factual,factual-mercury,0.33333333,0.26080623,0.72517715,0.26301545,0.16249203,-0.0064672828
10,35,38,true,plain,-2,factual,factual-pacific,0.33333333,0.23877245,0.54217052,0.21415773,0.16892737,1.180172e-05
10,35,38,true,plain,-2,factual,factual-photosynthesis,0.42857143,0.35620875,0.91502271,0.33611228,0.28367067,-0.0040094256
10,35,38,true,plain,-2,factual,factual-shakespeare,0.33333333,0.29855804,0.73163253,0.28157117,0.23006481,-0.0051783323
10,35,38,true,plain,-2,multihop,multihop-cairo-continent,0.17647059,0.28355091,0.8551719,0.23181873,0.14906703,-0.00064969063
10,35,38,true,plain,-2,multihop,multihop-eiffel-capital,0.17647059,0.30130127,0.91436579,0.23429201,0.08395633,0.00034916401
10,35,38,true,plain,-2,multihop,multihop-kangaroo-hemisphere,0.66666667,0.45284881,0.91142702,0.44384016,0.43654746,-0.0041193366
10,35,38,true,plain,-2,multihop,multihop-madrid-language,0.17647059,0.29170046,0.90803909,0.23590496,0.096674284,-0.0010140538
10,35,38,true,plain,-2,multihop,multihop-sushi-currency,0.42857143,0.30458054,0.60744342,0.27814697,0.33648575,-0.00025123358
10,35,38,true,plain,-2,syntactic,syntactic-alphabet,0.33333333,0.29717743,0.60780627,0.28662156,0.18061805,0.002181828
10,35,38,true,plain,-2,syntactic,syntactic-numbered-list,0.11111111,0.27262028,0.82643431,0.20778152,0.049656941,0.0082191825
10,35,38,true,plain,-2,syntactic,syntactic-past-go,0.33333333,0.4299954,0.93102704,0.35971054,0.3230192,-8.6307526e-05
10,35,38,true,plain,-2,syntactic,syntactic-plural-child,0.42857143,0.39056433,0.93079705,0.33598383,0.25216119,0.00041979551
10,35,38,true,plain,-2,syntactic,syntactic-roses-blue,0.25,0.30087648,0.82038756,0.28576744,0.14441491,0.0013107061
10,35,38,true,plain,-1,antonym,antonym-early-late,0.53846154,0.39045693,0.89514424,0.36317468,0.36071047,-0.0067810416
10,35,38,true,plain,-1,antonym,antonym-fast-slow,0.17647059,0.20820065,0.78572236,0.1985033,0.093886286,-0.0039008856
10,35,38,true,plain,-1,antonym,antonym-north-south,0.33333333,0.30259062,0.78726767,0.27710114,0.22124483,0.0014056563
10,35,38,true,plain,-1,antonym,antonym-tall-short,0.33333333,0.28844649,0.6619548,0.26522135,0.20345818,-0.0012918711
10,35,38,true,plain,-1,antonym,antonym-victory-defeat,0.53846154,0.40219531,0.91219637,0.39374875,0.34542556,-0.0047113895
10,35,38,true,plain,-1,association,association-birthday,0.42857143,0.36046133,0.86821696,0.34931148,0.29751186,-0.0037226677
10,35,38,true,plain,-1,association,association-desert,0.33333333,0.29092919,0.81704845,0.27871153,0.23273101,-0.0097783804
10,35,38,true,plain,-1,association,association-doctor,0.42857143,0.34602215,0.83284007,0.34851323,0.30918254,-0.003411293
10,35,38,true,plain,-1,association,association-storm,0.33333333,0.34999867,0.87539366,0.34460659,0.2908885,-0.0089806914
10,35,38,true,plain,-1,association,association-violin,0.53846154,0.34235344,0.70786968,0.33313937,0.31404809,-0.0036739111
10,35,38,true,plain,-1,counting,counting-colors-three,0.33333333,0.35295124,0.78817356,0.33872359,0.26156064,0.00086259842
10,35,38,true,plain,-1,counting,counting-days-four,0.53846154,0.40294436,0.8149597,0.39516571,0.37741109,-0.0011661649
10,35,38,true,plain,-1,counting,counting-triangle-sides,0.33333333,0.4027144,0.8508843,0.36780825,0.27485946,0.0021913052
10,35,38,true,plain,-1,counting,counting-week-days,0.53846154,0.53918082,0.89703418,0.52916333,0.44962935,0.0050756335
10,35,38,true,plain,-1,factual,factual-canberra,0.42857143,0.35805111,0.83608946,0.32662024,0.26956113,-0.00776577
10,35,38,true,plain,-1,factual,factual-gold-symbol,0.25,0.24816779,0.61277675,0.22893657,0.18861165,-0.0059247613
10,35,38,true,plain,-1,factual,factual-mercury,0.25,0.2170814,0.63625043,0.2112855,0.12902706,-0.0061711669
10,35,38,true,plain,-1,factual,factual-pacific,0.42857143,0.33047667,0.6460107,0.31464911,0.24771,-0.0069189668
10,35,38,true,plain,-1,factual,factual-photosynthesis,0.25,0.31919619,0.84384277,0.27852032,0.20689556,-0.0012041926
10,35,38,true,plain,-1,factual,factual-shakespeare,0.17647059,0.243293,0.82729928,0.21506305,0.10448553,-0.0030780435
10,35,38,true,plain,-1,multihop,multihop-cairo-continent,0.11111111,0.22073815,0.73053999,0.22047602,0.087176161,-0.0015109777
10,35,38,true,plain,-1,multihop,multihop-eiffel-capital,0.25,0.32725275,0.91485431,0.32875257,0.16534319,-0.0037732124
10,35,38,true,plain,-1,multihop,multihop-kangaroo-hemisphere,0.11111111,0.097116449,0.34217811,0.090436901,0.10304779,-0.0026272535
10,35,38,true,plain,-1,multihop,multihop-madrid-language,0.25,0.21510408,0.69197103,0.21877737,0.099946558,-0.0031884313
10,35,38,true,plain,-1,multihop,multihop-sushi-currency,0.25,0.32804608,0.81121691,0.30101893,0.21180885,-9.316206e-05
10,35,38,true,plain,-1,syntactic,syntactic-alphabet,0.17647059,0.10551981,0.19785013,0.096558235,0.11843682,0.0033412576
10,35,38,true,plain,-1,syntactic,syntactic-numbered-list,0.53846154,0.34007231,0.81743947,0.33381645,0.30524482,-0.0026417375
10,35,38,true,plain,-1,syntactic,syntactic-past-go,0.17647059,0.16481448,0.37470465,0.13436499,0.18224347,0.0015029907
10,35,38,true,plain,-1,syntactic,syntactic-plural-child,0.25,0.1587259,0.30773072,0.14475005,0.17731631,0.0011801124
10,35,38,true,plain,-1,syntactic,syntactic-roses-blue,0.42857143,0.32476783,0.79729137,0.30384885,0.24768023,-0.0023294687
16,14,21,false,chat,-2,antonym,chat-antonym-early,0.034482759,0.00044072657,0.13178414,0.00029133512,0.00044072657,-0.0012357235
16,14,21,false,chat,-2,antonym,chat-antonym-north,0.066666667,0.00047140369,0.15510611,0.00033305113,0.00047140369,-0.0011882782
16,14,21,false,chat,-2,association,chat-association-desert,0.033333333,0.0003458532,0.20700629,0.00022362711,0.0003458532,-0.0011662245
16,14,21,false,chat,-2,counting,chat-counting-triangle,0.032258065,0.00043195832,0.10436619,0.00028187624,0.00043195832,-0.0012276173
16,14,21,false,chat,-2,factual,chat-factual-canberra,0.032258065,0.00039133725,0.080402992,0.00024645188,0.00039133725,-0.001301229
16,14,21,false,chat,-2,factual,chat-factual-gold,0.066666667,0.00097672336,0.19587335,0.00069358803,0.00097672336,-0.0011079311
16,14,21,false,chat,-2,multihop,chat-multihop-sushi-currency,0.032258065,0.00048033457,0.12633457,0.00031814592,0.00048033457,-0.0011795759
16,14,21,false,chat,-2,syntactic,chat-syntactic-plural-child,0.032258065,0.00051063617,0.13181852,0.00033541729,0.00051063617,-0.0011479855
16,14,21,false,chat,-1,antonym,chat-antonym-early,0.066666667,0.00083786238,0.017636052,0.00061674482,0.00083786238,-0.00040310621
16,14,21,false,chat,-1,antonym,chat-antonym-north,0,0,0,0,0,-0.00064259768
16,14,21,false,chat,-1,association,chat-association-desert,0.032258065,3.179565e-05,0.0013486359,2.6993926e-05,3.179565e-05,-0.00046086311
16,14,21,false,chat,-1,counting,chat-counting-triangle,0.032258065,0.00052434965,0.029831225,0.00036791272,0.00052434965,-0.00037389994
16,14,21,false,chat,-1,factual,chat-factual-canberra,0.032258065,0.00035704604,0.04313524,0.00029267943,0.00035704604,-0.00039690733
16,14,21,false,chat,-1,factual,chat-factual-gold,0.068965517,0.00081737222,0.1046501,0.00059725528,0.00081737222,-0.0003489852
16,14,21,false,chat,-1,multihop,chat-multihop-sushi-currency,0.032258065,0.00040612433,0.031297117,0.00027903987,0.00040612433,-0.00038796663
16,14,21,false,chat,-1,syntactic,chat-syntactic-plural-child,0.066666667,0.00091581138,0.11737042,0.00068743427,0.00091581138,-0.00039303303
16,14,21,false,plain,-2,antonym,antonym-early-late,0.14814815,0.00026768995,0.2936981,0.00025522712,0.00026768995,-0.0029334426
16,14,21,false,plain,-2,antonym,antonym-fast-slow,0,0,0,0,0,-0.0011008382
16,14,21,false,plain,-2,antonym,antonym-north-south,0.032258065,8.3518246e-05,0.085563648,9.887041e-05,8.3518246e-05,-0.00092387199
16,14,21,false,plain,-2,antonym,antonym-tall-short,0.068965517,0.00015840732,0.10133186,0.00010884825,0.00015840732,-0.00092744827
16,14,21,false,plain,-2,antonym,antonym-victory-defeat,0.14814815,0.00050505731,0.37442997,0.00046668419,0.00050505731,-0.0039759874
16,14,21,false,plain,-2,association,association-birthday,0.066666667,0.00034731724,0.35336144,0.00031430947,0.00034731724,-0.0019180179
16,14,21,false,plain,-2,association,association-desert,0,0,0,0,0,-0.0023547411
16,14,21,false,plain,-2,association,association-doctor,0.034482759,0.00021952994,0.15524272,0.00024553902,0.00021952994,-0.0011065006
16,14,21,false,plain,-2,association,association-storm,0.032258065,3.1006096e-05,0.010413188,1.6600857e-05,3.1006096e-05,-0.0025196075
16,14,21,false,plain,-2,association,association-violin,0,0,0,0,0,-0.0010226965
16,14,21,false,plain,-2,counting,counting-colors-three,0.066666667,0.00020123551,0.16707926,0.00014835217,0.00020123551,-0.0021808743
16,14,21,false,plain,-2,counting,counting-days-four,0,0,0,0,0,-0.0016018152
16,14,21,false,plain,-2,counting,counting-triangle-sides,0.10344828,0.00041329367,0.11375428,0.00036767937,0.00041329367,-0.0027673841
16,14,21,false,plain,-2,counting,counting-week-days,0.071428571,0.00021254763,0.34442702,0.00021757477,0.00021254763,-0.0030837059
16,14,21,false,plain,-2,factual,factual-canberra,0.10344828,0.0003790673,0.44575925,0.00037958725,0.0003790673,-0.0043588877
16,14,21,false,plain,-2,factual,factual-gold-symbol,0.033333333,0.00036788916,0.59756703,0.00030067357,0.00036788916,-0.0038933754
16,14,21,false,plain,-2,factual,factual-mercury,0.032258065,0.00012956297,0.12163331,9.9422036e-05,0.00012956297,-0.0022695065
16,14,21,false,plain,-2,factual,factual-pacific,0.032258065,0.00010111598,0.051929234,8.5913314e-05,0.00010111598,-0.0016469955
16,14,21,false,plain,-2,factual,factual-photosynthesis,0,0,0,0,0,-0.0024024248
16,14,21,false,plain,-2,factual,factual-shakespeare,0,0,0,0,0,-0.0030177236
16,14,21,false,plain,-2,multihop,multihop-cairo-continent,0.10344828,0.00043209621,0.038620807,0.00045889195,0.00043209621,-0.0029132366
16,14,21,false,plain,-2,multihop,multihop-eiffel-capital,0.071428571,0.00027700338,0.26145829,0.00020741638,0.00027700338,-0.0013645291
16,14,21,false,plain,-2,multihop,multihop-kangaroo-hemisphere,0.032258065,0.00020663804,0.049242964,0.0001790766,0.00020663804,-0.00079739094
16,14,21,false,plain,-2,multihop,multihop-madrid-language,0.032258065,0.00064583824,0.85231476,0.000635224,0.00064583824,-0.0026934743
16,14,21,false,plain,-2,multihop,multihop-sushi-currency,0,0,0,0,0,-0.0011652708
16,14,21,false,plain,-2,syntactic,syntactic-alphabet,0,0,0,0,0,-0.00069522858
16,14,21,false,plain,-2,syntactic,syntactic-numbered-list,0,0,0,0,0,-0.00064080954
16,14,21,false,plain,-2,syntactic,syntactic-past-go,0.033333333,0.00022316951,0.038059104,0.00014692718,0.00022316951,-0.00079077482
16,14,21,false,plain,-2,syntactic,syntactic-plural-child,0.033333333,8.5167104e-05,0.055988661,6.1307497e-05,8.5167104e-05,-0.00070524216
16,14,21,false,plain,-2,syntactic,syntactic-roses-blue,0.033333333,8.497237e-05,0.079298374,8.0407968e-05,8.497237e-05,-0.0040132403
16,14,21,false,plain,-1,antonym,antonym-early-late,0,0,0,0,0,-0.00068944693
16,14,21,false,plain,-1,antonym,antonym-fast-slow,0.034482759,9.3055271e-05,0.042618177,9.7227937e-05,9.3055271e-05,-0.0010744929
16,14,21,false,plain,-1,antonym,antonym-north-south,0.033333333,0.00020855716,0.23377306,0.0002082562,0.00020855716,-0.0010605454
16,14,21,false,plain,-1,antonym,antonym-tall-short,0.068965517,0.00018303233,0.10287458,0.00018531669,0.00018303233,-0.0010764003
16,14,21,false,plain,-1,antonym,antonym-victory-defeat,0.032258065,9.5083285e-05,0.11625899,0.00010111907,9.5094968e-05,-0.0011805296
16,14,21,false,plain,-1,association,association-birthday,0.034482759,4.1296673e-05,0.035179114,3.6353701e-05,4.1296673e-05,-0.0024214387
16,14,21,false,plain,-1,association,association-desert,0.18518519,0.00030292379,0.41990308,0.00028775909,0.00025996957,-0.004597187
16,14,21,false,plain,-1,association,association-doctor,0.033333333,0.00021037576,0.030446779,0.00023079333,0.00021037576,-0.00064510107
16,14,21,false,plain,-1,association,association-storm,0.14814815,0.00027013628,0.36657485,0.00022465531,0.00029815663,-0.0047120452
16,14,21,false,plain,-1,association,association-violin,0,0,0,0,0,-0.0020318031
16,14,21,false,plain,-1,counting,counting-colors-three,0.033333333,0.00012901785,0.029461662,8.3237216e-05,0.00012901785,-0.0019813776
16,14,21,false,plain,-1,counting,counting-days-four,0,0,0,0,0,-0.0012866259
16,14,21,false,plain,-1,counting,counting-triangle-sides,0.032258065,0.000164109,0.080811963,0.0001219945,0.000164109,-0.0011988878
16,14,21,false,plain,-1,counting,counting-week-days,0,0,0,0,0,-0.001316011
16,14,21,false,plain,-1,factual,factual-canberra,0.10344828,0.00024974563,0.40942255,0.00023751353,0.00015559169,-0.0031887889
16,14,21,false,plain,-1,factual,factual-gold-symbol,0,0,0,0,0,-0.0013622642
16,14,21,false,plain,-1,factual,factual-mercury,0,0,0,0,0,-0.0017132759
16,14,21,false,plain,-1,factual,factual-pacific,0,0,0,0,0,-0.003962636
16,14,21,false,plain,-1,factual,factual-photosynthesis,0.032258065,9.285801e-05,0.091831894,5.6021091e-05,9.285801e-05,-0.001285851
16,14,21,false,plain,-1,factual,factual-shakespeare,0.066666667,0.00015794989,0.042025349,0.00013648349,0.00018516232,-0.0040006638
16,14,21,false,plain,-1,multihop,multihop-cairo-continent,0.071428571,0.00016897199,0.12284535,0.00016741968,0.00018879666,-0.00076568127
16,14,21,false,plain,-1,multihop,multihop-eiffel-capital,0.032258065,0.00011437571,0.040701129,0.00012117925,0.00011437571,-0.0016712546
16,14,21,false,plain,-1,multihop,multihop-kangaroo-hemisphere,0,0,0,0,0,-0.0010682344
16,14,21,false,plain,-1,multihop,multihop-madrid-language,0,0,0,0,0,-0.0012765527
16,14,21,false,plain,-1,multihop,multihop-sushi-currency,0.032258065,0.00015329747,0.43943268,0.00013895011,0.00015329747,-0.0038971305
16,14,21,false,plain,-1,syntactic,syntactic-alphabet,0.034482759,0.00010134464,0.046981934,8.818167e-05,0.00010134464,-0.00083059072
16,14,21,false,plain,-1,syntactic,syntactic-numbered-list,0.032258065,4.9548705e-05,0.034107623,4.7541359e-05,4.9548705e-05,-0.0030531883
16,14,21,false,plain,-1,syntactic,syntactic-past-go,0.033333333,0.00027618,0.17558993,0.00019267414,0.00027618,-0.00089913607
16,14,21,false,plain,-1,syntactic,syntactic-plural-child,0.032258065,0.00039031185,0.36349974,0.00026618707,0.00039031185,-0.001080811
16,14,21,false,plain,-1,syntactic,syntactic-roses-blue,0,0,0,0,0,-0.0023081899
16,21,28,false,chat,-2,antonym,chat-antonym-early,0,0,0,0,0,0.0040920377
16,21,28,false,chat,-2,antonym,chat-antonym-north,0,0,0,0,0,0.0033492446
16,21,28,false,chat,-2,association,chat-association-desert,0,0,0,0,0,0.0037512779
16,21,28,false,chat,-2,counting,chat-counting-triangle,0,0,0,0,0,0.0047668815
16,21,28,false,chat,-2,factual,chat-factual-canberra,0,0,0,0,0,0.0034841299
16,21,28,false,chat,-2,factual,chat-factual-gold,0,0,0,0,0,0.0036990643
16,21,28,false,chat,-2,multihop,chat-multihop-sushi-currency,0,0,0,0,0,0.0037381053
16,21,28,false,chat,-2,syntactic,chat-syntactic-plural-child,0,0,0,0,0,0.0041918159
16,21,28,false,chat,-1,antonym,chat-antonym-early,0,0,0,0,0,0.0048161149
16,21,28,false,chat,-1,antonym,chat-antonym-north,0,0,0,0,0,0.0044239163
16,21,28,false,chat,-1,association,chat-association-desert,0.032258065,2.7154933e-05,0.03133793,3.0090986e-05,2.7154933e-05,0.0044478178
16,21,28,false,chat,-1,counting,chat-counting-triangle,0,0,0,0,0,0.0060040951
16,21,28,false,chat,-1,factual,chat-factual-canberra,0.066666667,0.00011973729,0.048989169,8.7655487e-05,0.00011973729,0.0054244399
16,21,28,false,chat,-1,factual,chat-factual-gold,0,0,0,0,0,0.0045898557
16,21,28,false,chat,-1,multihop,chat-multihop-sushi-currency,0,0,0,0,0,0.0047548413
16,21,28,false,chat,-1,syntactic,chat-syntactic-plural-child,0.032258065,7.8818886e-06,0.0085250378,5.0398726e-06,7.8818886e-06,0.0049286485
16,21,28,false,plain,-2,antonym,antonym-early-late,0,0,0,0,0,0.0086680651
16,21,28,false,plain,-2,antonym,antonym-fast-slow,0,0,0,0,0,0.005906105
16,21,28,false,plain,-2,antonym,antonym-north-south,0,0,0,0,0,0.0060953498
16,21,28,false,plain,-2,antonym,antonym-tall-short,0,0,0,0,0,0.0063152313
16,21,28,false,plain,-2,antonym,antonym-victory-defeat,0,0,0,0,0,0.0068127513
16,21,28,false,plain,-2,association,association-birthday,0,0,0,0,0,0.0064991713
16,21,28,false,plain,-2,association,association-desert,0,0,0,0,0,0.009500742
16,21,28,false,plain,-2,association,association-doctor,0,0,0,0,0,0.0090386271
16,21,28,false,plain,-2,association,association-storm,0,0,0,0,0,0.0069960356
16,21,28,false,plain,-2,association,association-violin,0,0,0,0,0,0.0085906982
16,21,28,false,plain,-2,counting,counting-colors-three,0,0,0,0,0,0.0070453286
16,21,28,false,plain,-2,counting,counting-days-four,0,0,0,0,0,0.0095592737
16,21,28,false,plain,-2,counting,counting-triangle-sides,0,0,0,0,0,0.0079001784
16,21,28,false,plain,-2,counting,counting-week-days,0,0,0,0,0,0.0077447295
16,21,28,false,plain,-2,factual,factual-canberra,0.032258065,0.00013595302,0.090853985,0.00010827347,0.00013595302,0.0082556009
16,21,28,false,plain,-2,factual,factual-gold-symbol,0,0,0,0,0,0.0058385134
16,21,28,false,plain,-2,factual,factual-mercury,0,0,0,0,0,0.0084164143
16,21,28,false,plain,-2,factual,factual-pacific,0,0,0,0,0,0.0077747107
16,21,28,false,plain,-2,factual,factual-photosynthesis,0,0,0,0,0,0.011614501
16,21,28,false,plain,-2,factual,factual-shakespeare,0.068965517,0.00014528861,0.20001483,0.00013354665,0.00014528861,0.011983514
16,21,28,false,plain,-2,multihop,multihop-cairo-continent,0,0,0,0,0,0.0083736777
16,21,28,false,plain,-2,multihop,multihop-eiffel-capital,0,0,0,0,0,0.0078738332
16,21,28,false,plain,-2,multihop,multihop-kangaroo-hemisphere,0,0,0,0,0,0.0071681738
16,21,28,false,plain,-2,multihop,multihop-madrid-language,0,0,0,0,0,0.007714808
16,21,28,false,plain,-2,multihop,multihop-sushi-currency,0,0,0,0,0,0.0069308281
16,21,28,false,plain,-2,syntactic,syntactic-alphabet,0,0,0,0,0,0.0085601211
16,21,28,false,plain,-2,syntactic,syntactic-numbered-list,0,0,0,0,0,0.0061498284
16,21,28,false,plain,-2,syntactic,syntactic-past-go,0.032258065,2.6084076e-05,0.01588897,3.4839774e-05,2.6084076e-05,0.0090119839
16,21,28,false,plain,-2,syntactic,syntactic-plural-child,0,0,0,0,0,0.0079441667
16,21,28,false,plain,-2,syntactic,syntactic-roses-blue,0,0,0,0,0,0.0058097839
16,21,28,false,plain,-1,antonym,antonym-early-late,0,0,0,0,0,0.0097375512
16,21,28,false,plain,-1,antonym,antonym-fast-slow,0.033333333,7.3008688e-05,0.20075972,4.3033525e-05,7.3008688e-05,0.013212919
16,21,28,false,plain,-1,antonym,antonym-north-south,0.068965517,0.00016169895,0.27864747,0.00013888625,0.00016169895,0.011487782
16,21,28,false,plain,-1,antonym,antonym-tall-short,0.032258065,2.3501655e-05,0.048808949,1.4301294e-05,2.3501655e-05,0.011245668
16,21,28,false,plain,-1,antonym,antonym-victory-defeat,0.032258065,5.5201475e-05,0.053818806,3.040968e-05,5.5204434e-05,0.013951063
16,21,28,false,plain,-1,association,association-birthday,0.068965517,0.00015769242,0.025504746,0.00013046974,0.0002097903,0.0093187094
16,21,28,false,plain,-1,association,association-desert,0,0,0,0,0,0.0077857375
16,21,28,false,plain,-1,association,association-doctor,0,0,0,0,0,0.0069328547
16,21,28,false,plain,-1,association,association-storm,0.033333333,5.6709678e-05,0.020429718,5.4144444e-05,8.0012936e-05,0.0062735677
16,21,28,false,plain,-1,association,association-violin,0,0,0,0,0,0.010240018
16,21,28,false,plain,-1,counting,counting-colors-three,0,0,0,0,0,0.0098313093
16,21,28,false,plain,-1,counting,counting-days-four,0.032258065,8.547397e-05,0.021439465,6.3694635e-05,8.547397e-05,0.0094179511
16,21,28,false,plain,-1,counting,counting-triangle-sides,0,0,0,0,0,0.011404395
16,21,28,false,plain,-1,counting,counting-week-days,0,0,0,0,0,0.010477424
16,21,28,false,plain,-1,factual,factual-canberra,0,0,0,0,0,0.0096508861
16,21,28,false,plain,-1,factual,factual-gold-symbol,0.032258065,1.9605013e-06,0.00071370818,1.4135725e-06,1.9605013e-06,0.0095397234
16,21,28,false,plain,-1,factual,factual-mercury,0,0,0,0,0,0.010258913
16,21,28,false,plain,-1,factual,factual-pacific,0,0,0,0,0,0.0090410113
16,21,28,false,plain,-1,factual,factual-photosynthesis,0,0,0,0,0,0.010153115
16,21,28,false,plain,-1,factual,factual-shakespeare,0,0,0,0,0,0.0092169642
16,21,28,false,plain,-1,multihop,multihop-cairo-continent,0,0,0,0,0,0.0068047047
16,21,28,false,plain,-1,multihop,multihop-eiffel-capital,0,0,0,0,0,0.0078312755
16,21,28,false,plain,-1,multihop,multihop-kangaroo-hemisphere,0,0,0,0,0,0.0097442269
16,21,28,false,plain,-1,multihop,multihop-madrid-language,0,0,0,0,0,0.0073768497
16,21,28,false,plain,-1,multihop,multihop-sushi-currency,0.066666667,0.00017181389,0.06266683,0.00014983876,0.00017181389,0.010014236
16,21,28,false,plain,-1,syntactic,syntactic-alphabet,0,0,0,0,0,0.007918179
16,21,28,false,plain,-1,syntactic,syntactic-numbered-list,0.032258065,0.00015805973,0.46556741,0.000163667,0.00015805973,0.0078778267
16,21,28,false,plain,-1,syntactic,syntactic-past-go,0,0,0,0,0,0.009483099
16,21,28,false,plain,-1,syntactic,syntactic-plural-child,0,0,0,0,0,0.0085998774
16,21,28,false,plain,-1,syntactic,syntactic-roses-blue,0,0,0,0,0,0.0068626404
16,28,35,false,chat,-2,antonym,chat-antonym-early,0,0,0,0,0,0.015822768
16,28,35,false,chat,-2,antonym,chat-antonym-north,0,0,0,0,0,0.011846244
16,28,35,false,chat,-2,association,chat-association-desert,0.032258065,0.013633546,0.01885388,0.011445658,0.013633546,0.017500162
16,28,35,false,chat,-2,counting,chat-counting-triangle,0.066666667,0.059403503,0.20846474,0.061931444,0.059403503,0.0051394105
16,28,35,false,chat,-2,factual,chat-factual-canberra,0,0,0,0,0,0.021691084
16,28,35,false,chat,-2,factual,chat-factual-gold,0,0,0,0,0,0.009293437
16,28,35,false,chat,-2,multihop,chat-multihop-sushi-currency,0,0,0,0,0,0.0086695552
16,28,35,false,chat,-2,syntactic,chat-syntactic-plural-child,0,0,0,0,0,0.010161102
16,28,35,false,chat,-1,antonym,chat-antonym-early,0,0,0,0,0,0.013303518
16,28,35,false,chat,-1,antonym,chat-antonym-north,0,0,0,0,0,0.0060819387
16,28,35,false,chat,-1,association,chat-association-desert,0.032258065,0.015974977,0.030957531,0.01332165,0.015974977,0.011196136
16,28,35,false,chat,-1,counting,chat-counting-triangle,0.10344828,0.072904983,0.18857484,0.070068835,0.072904983,0.00090432167
16,28,35,false,chat,-1,factual,chat-factual-canberra,0,0,0,0,0,0.0154773
16,28,35,false,chat,-1,factual,chat-factual-gold,0,0,0,0,0,0.0084339976
16,28,35,false,chat,-1,multihop,chat-multihop-sushi-currency,0,0,0,0,0,0.0047492981
16,28,35,false,chat,-1,syntactic,chat-syntactic-plural-child,0,0,0,0,0,0.0062135458
16,28,35,false,plain,-2,antonym,antonym-early-late,0.032258065,0.0034098325,0.0031236116,0.0025932791,0.0038228132,0.007574141
16,28,35,false,plain,-2,antonym,antonym-fast-slow,0,0,0,0,0,0.008562088
16,28,35,false,plain,-2,antonym,antonym-north-south,0,0,0,0,0,0.010188162
16,28,35,false,plain,-2,antonym,antonym-tall-short,0.032258065,0.02152165,0.024742257,0.012852313,0.025145556,0.0096486807
16,28,35,false,plain,-2,antonym,antonym-victory-defeat,0.032258065,0.040922839,0.088342445,0.034976783,0.050083152,0.0099717975
16,28,35,false,plain,-2,association,association-birthday,0,0,0,0,0,0.010722458
16,28,35,false,plain,-2,association,association-desert,0.032258065,0.009076087,0.0087588724,0.0077617436,0.0094114054,0.01358217
16,28,35,false,plain,-2,association,association-doctor,0,0,0,0,0,0.01438427
16,28,35,false,plain,-2,association,association-storm,0,0,0,0,0,0.020112753
16,28,35,false,plain,-2,association,association-violin,0.066666667,0.069299747,0.1762194,0.059438465,0.07175394,0.0076276064
16,28,35,false,plain,-2,counting,counting-colors-three,0.032258065,0.019321545,0.03083837,0.019920786,0.022503432,0.013782799
16,28,35,false,plain,-2,counting,counting-days-four,0,0,0,0,0,0.01475352
16,28,35,false,plain,-2,counting,counting-triangle-sides,0.032258065,0.0096870479,0.0089140338,0.0079245584,0.011585503,0.012251318
16,28,35,false,plain,-2,counting,counting-week-days,0,0,0,0,0,0.012344897
16,28,35,false,plain,-2,factual,factual-canberra,0,0,0,0,0,0.011943519
16,28,35,false,plain,-2,factual,factual-gold-symbol,0.068965517,0.080582958,0.13894055,0.070543371,0.10361973,0.009947896
16,28,35,false,plain,-2,factual,factual-mercury,0,0,0,0,0,0.011458039
16,28,35,false,plain,-2,factual,factual-pacific,0,0,0,0,0,0.0063287616
16,28,35,false,plain,-2,factual,factual-photosynthesis,0.033333333,0.11710112,0.43642553,0.0946297,0,0.0093622804
16,28,35,false,plain,-2,factual,factual-shakespeare,0.033333333,0.027162162,0.07529799,0.024918641,0.028303735,0.0067250729
16,28,35,false,plain,-2,multihop,multihop-cairo-continent,0,0,0,0,0,0.011981726
16,28,35,false,plain,-2,multihop,multihop-eiffel-capital,0,0,0,0,0,0.012399554
16,28,35,false,plain,-2,multihop,multihop-kangaroo-hemisphere,0.032258065,0.01265724,0.040442053,0.012172,0,0.013797581
16,28,35,false,plain,-2,multihop,multihop-madrid-language,0,0,0,0,0,0.011904061
16,28,35,false,plain,-2,multihop,multihop-sushi-currency,0,0,0,0,0,0.0091000199
16,28,35,false,plain,-2,syntactic,syntactic-alphabet,0,0,0,0,0,0.0013148189
16,28,35,false,plain,-2,syntactic,syntactic-numbered-list,0.032258065,0.023775509,0.13865014,0.016109504,0,0.018080354
16,28,35,false,plain,-2,syntactic,syntactic-past-go,0.032258065,0.021019107,0.032569224,0.019403083,0.025069946,0.014278412
16,28,35,false,plain,-2,syntactic,syntactic-plural-child,0,0,0,0,0,0.013500214
16,28,35,false,plain,-2,syntactic,syntactic-roses-blue,0,0,0,0,0,0.0016052127
16,28,35,false,plain,-1,antonym,antonym-early-late,0,0,0,0,0,0.0083885193
16,28,35,false,plain,-1,antonym,antonym-fast-slow,0.032258065,0.033556142,0.10540747,0.019007563,0.039418648,0.0057236552
16,28,35,false,plain,-1,antonym,antonym-north-south,0.033333333,0.048319096,0.17658191,0.028608676,0.053817668,0.00015217066
16,28,35,false,plain,-1,antonym,antonym-tall-short,0.032258065,0.052851974,0.21401696,0.030041399,0.056995839,1.9192696e-05
16,28,35,false,plain,-1,antonym,antonym-victory-defeat,0.032258065,0.017165426,0.017918667,0.0095049578,0.020011288,0.0054049492
16,28,35,false,plain,-1,association,association-birthday,0.066666667,0.1729653,0.57746095,0.16477863,0.027008084,0.011378169
16,28,35,false,plain,-1,association,association-desert,0.032258065,0.034027155,0.042717103,0.028760323,0.036547089,0.014190018
16,28,35,false,plain,-1,association,association-doctor,0,0,0,0,0,0.010871232
16,28,35,false,plain,-1,association,association-storm,0.066666667,0.11507966,0.38897843,0.11329832,0.016177586,0.018992782
16,28,35,false,plain,-1,association,association-violin,0.032258065,0.026574195,0.060626503,0.017567196,0.028048361,0.0071492195
16,28,35,false,plain,-1,counting,counting-colors-three,0.033333333,0.022874639,0.083727831,0.024233384,0.024667794,0.012943149
16,28,35,false,plain,-1,counting,counting-days-four,0.10344828,0.047623249,0.092233705,0.046121427,0.050482588,0.014042497
16,28,35,false,plain,-1,counting,counting-triangle-sides,0,0,0,0,0,0.0029816628
16,28,35,false,plain,-1,counting,counting-week-days,0,0,0,0,0,0.007404387
16,28,35,false,plain,-1,factual,factual-canberra,0,0,0,0,0,0.013422728
16,28,35,false,plain,-1,factual,factual-gold-symbol,0,0,0,0,0,0.011496007
16,28,35,false,plain,-1,factual,factual-mercury,0,0,0,0,0,0.0064624548
16,28,35,false,plain,-1,factual,factual-pacific,0,0,0,0,0,0.007794261
16,28,35,false,plain,-1,factual,factual-photosynthesis,0.032258065,0.021145442,0.025171284,0.019284505,0.024754827,0.0091139674
16,28,35,false,plain,-1,factual,factual-shakespeare,0.032258065,0.034200881,0.038957839,0.031192882,0.041254041,0.0068917871
16,28,35,false,plain,-1,multihop,multihop-cairo-continent,0.032258065,0.038787762,0.058921279,0.035321245,0.044304506,0.010385513
16,28,35,false,plain,-1,multihop,multihop-eiffel-capital,0,0,0,0,0,0.012090445
16,28,35,false,plain,-1,multihop,multihop-kangaroo-hemisphere,0,0,0,0,0,0.0081529617
16,28,35,false,plain,-1,multihop,multihop-madrid-language,0.066666667,0.03806327,0.055032403,0.034489609,0.04310046,0.0093497634
16,28,35,false,plain,-1,multihop,multihop-sushi-currency,0,0,0,0,0,0.0024460554
16,28,35,false,plain,-1,syntactic,syntactic-alphabet,0,0,0,0,0,-1.4901161e-06
16,28,35,false,plain,-1,syntactic,syntactic-numbered-list,0.032258065,0.032413436,0.067178519,0.03288675,0.034854691,0.0057355165
16,28,35,false,plain,-1,syntactic,syntactic-past-go,0,0,0,0,0,0.0064614415
16,28,35,false,plain,-1,syntactic,syntactic-plural-child,0.032258065,0.03248018,0.061125813,0.036743194,0.03248018,0.0093646049
16,28,35,false,plain,-1,syntactic,syntactic-roses-blue,0.066666667,0.058300849,0.13175227,0.056201275,0.064659918,0.0023062825
16,35,38,true,chat,-2,antonym,chat-antonym-early,0.14285714,0.18130836,0.86162201,0.17259164,0.18130836,-0.011758685
16,35,38,true,chat,-2,antonym,chat-antonym-north,0.23076923,0.31002981,0.79776728,0.28680315,0.2470684,0.0042642951
16,35,38,true,chat,-2,association,chat-association-desert,0.39130435,0.29750959,0.89190166,0.2824702,0.29750959,-0.0091492534
16,35,38,true,chat,-2,counting,chat-counting-triangle,0.14285714,0.17135644,0.62729016,0.15184678,0.17536361,0.0004453063
16,35,38,true,chat,-2,factual,chat-factual-canberra,0.24,0.25951692,0.81045468,0.22524033,0.155479,-0.010532022
16,35,38,true,chat,-2,factual,chat-factual-gold,0.23076923,0.264858,0.72121131,0.24937735,0.21712383,-0.0025521517
16,35,38,true,chat,-2,multihop,chat-multihop-sushi-currency,0.23076923,0.27882828,0.67020424,0.24124221,0.21172605,0.00029462576
16,35,38,true,chat,-2,syntactic,chat-syntactic-plural-child,0.19230769,0.20806861,0.77699228,0.19666982,0.20806861,-0.0053411722
16,35,38,true,chat,-1,antonym,chat-antonym-early,0.18518519,0.19681773,0.82305715,0.17807836,0.22256709,-0.011139691
16,35,38,true,chat,-1,antonym,chat-antonym-north,0.23076923,0.34067219,0.84205509,0.30176408,0.34067219,0.0075826645
16,35,38,true,chat,-1,association,chat-association-desert,0.39130435,0.32635164,0.87868255,0.31708695,0.32635164,-0.0068414807
16,35,38,true,chat,-1,counting,chat-counting-triangle,0.18518519,0.20814222,0.64601564,0.20950216,0.20814222,0.00016796589
16,35,38,true,chat,-1,factual,chat-factual-canberra,0.23076923,0.22432515,0.73879185,0.18936381,0.22432515,-0.0094002485
16,35,38,true,chat,-1,factual,chat-factual-gold,0.39130435,0.29075104,0.67699501,0.26824969,0.29075104,-0.0042617917
16,35,38,true,chat,-1,multihop,chat-multihop-sushi-currency,0.33333333,0.37114345,0.75448285,0.3368374,0.37114345,0.00036299229
16,35,38,true,chat,-1,syntactic,chat-syntactic-plural-child,0.28,0.20892136,0.55075053,0.19106331,0.20892136,-0.0039214492
16,35,38,true,plain,-2,antonym,antonym-early-late,0.28,0.27775159,0.8070862,0.22666934,0.1838679,-0.00016844273
16,35,38,true,plain,-2,antonym,antonym-fast-slow,0.28,0.37886918,0.88363113,0.35260113,0.18948768,0.0066010952
16,35,38,true,plain,-2,antonym,antonym-north-south,0.45454545,0.45426586,0.9103686,0.43813662,0.28170757,0.0076341629
16,35,38,true,plain,-2,antonym,antonym-tall-short,0.28,0.41685733,0.90490608,0.40042758,0.21231357,0.010740519
16,35,38,true,plain,-2,antonym,antonym-victory-defeat,0.23076923,0.3344986,0.89878008,0.26964959,0.16079557,0.0023592114
16,35,38,true,plain,-2,association,association-birthday,0.23076923,0.28574077,0.79560992,0.27285517,0.18067264,0.0037709475
16,35,38,true,plain,-2,association,association-desert,0.33333333,0.23805263,0.62626444,0.23249749,0.20441754,-0.0084984303
16,35,38,true,plain,-2,association,association-doctor,0.39130435,0.32476629,0.85945745,0.27947508,0.24311376,-0.001655519
16,35,38,true,plain,-2,association,association-storm,0.39130435,0.36317185,0.63992117,0.36156289,0.32335648,-0.0063300729
16,35,38,true,plain,-2,association,association-violin,0.45454545,0.31367118,0.6990764,0.2752723,0.33084553,-0.0019453168
16,35,38,true,plain,-2,counting,counting-colors-three,0.28,0.28313748,0.82702867,0.21692941,0.17256968,0.0010914803
16,35,38,true,plain,-2,counting,counting-days-four,0.52380952,0.39602979,0.79609834,0.35572341,0.35507432,3.8862228e-05
16,35,38,true,plain,-2,counting,counting-triangle-sides,0.23076923,0.28595225,0.88512798,0.22202713,0.14865902,0.0010489225
16,35,38,true,plain,-2,counting,counting-week-days,0.23076923,0.302323,0.86497919,0.24046592,0.167941,0.0018613935
16,35,38,true,plain,-2,factual,factual-canberra,0.28,0.3541958,0.92368414,0.29265233,0.23379784,6.6399574e-05
16,35,38,true,plain,-2,factual,factual-gold-symbol,0.24,0.34513871,0.91976764,0.27783772,0.17764636,0.0010462999
16,35,38,true,plain,-2,factual,factual-mercury,0.24,0.22391107,0.70891672,0.22275523,0.14557272,-0.0065280199
16,35,38,true,plain,-2,factual,factual-pacific,0.33333333,0.24938404,0.57109575,0.22083309,0.19907037,-0.00034141541
16,35,38,true,plain,-2,factual,factual-photosynthesis,0.45454545,0.35383746,0.90707417,0.32987851,0.28963015,-0.0041652322
16,35,38,true,plain,-2,factual,factual-shakespeare,0.33333333,0.29467352,0.74976917,0.2710714,0.25211252,-0.0058714151
16,35,38,true,plain,-2,multihop,multihop-cairo-continent,0.23076923,0.28902052,0.87963084,0.23423595,0.18216533,-0.00076627731
16,35,38,true,plain,-2,multihop,multihop-eiffel-capital,0.18518519,0.26840595,0.91518909,0.20246322,0.086033665,0.00023376942
16,35,38,true,plain,-2,multihop,multihop-kangaroo-hemisphere,0.52380952,0.38105754,0.85531526,0.35562991,0.34968288,-0.0046958327
16,35,38,true,plain,-2,multihop,multihop-madrid-language,0.18518519,0.27307645,0.90457717,0.22420989,0.10824669,-0.0011983514
16,35,38,true,plain,-2,multihop,multihop-sushi-currency,0.33333333,0.30599398,0.66450692,0.28807411,0.33463819,-0.0010374188
16,35,38,true,plain,-2,syntactic,syntactic-alphabet,0.23076923,0.23285168,0.55239101,0.22516851,0.14155482,0.0019538999
16,35,38,true,plain,-2,syntactic,syntactic-numbered-list,0.066666667,0.22818963,0.83654067,0.16526606,0.032429041,0.0082932711
16,35,38,true,plain,-2,syntactic,syntactic-past-go,0.29166667,0.40756757,0.93433187,0.33564712,0.30242146,-0.00024133921
16,35,38,true,plain,-2,syntactic,syntactic-plural-child,0.33333333,0.38866302,0.94408817,0.32884903,0.27469995,0.00034850836
16,35,38,true,plain,-2,syntactic,syntactic-roses-blue,0.29166667,0.33940962,0.8616758,0.32842719,0.21451285,0.0012153983
16,35,38,true,plain,-1,antonym,antonym-early-late,0.33333333,0.32692448,0.88231868,0.3012714,0.28285594,-0.0067973137
16,35,38,true,plain,-1,antonym,antonym-fast-slow,0.23076923,0.23844505,0.83130067,0.22779679,0.15016432,-0.0040974617
16,35,38,true,plain,-1,antonym,antonym-north-south,0.33333333,0.29527049,0.78020291,0.27117097,0.22074544,0.0011611581
16,35,38,true,plain,-1,antonym,antonym-tall-short,0.28,0.26224718,0.69771913,0.2408732,0.18062576,-0.0014294386
16,35,38,true,plain,-1,antonym,antonym-victory-defeat,0.45454545,0.37178638,0.89753592,0.36535961,0.32414116,-0.0049179792
16,35,38,true,plain,-1,association,association-birthday,0.33333333,0.34782696,0.8674095,0.33639805,0.27502454,-0.0040835142
16,35,38,true,plain,-1,association,association-desert,0.28,0.27258988,0.85079725,0.25375787,0.22173744,-0.0098230839
16,35,38,true,plain,-1,association,association-doctor,0.45454545,0.35314541,0.82752915,0.34702822,0.32258282,-0.0036531687
16,35,38,true,plain,-1,association,association-storm,0.45454545,0.39229864,0.89195835,0.38715145,0.35803347,-0.0089865327
16,35,38,true,plain,-1,association,association-violin,0.39130435,0.27076094,0.6155196,0.2580993,0.24524582,-0.0038581491
16,35,38,true,plain,-1,counting,counting-colors-three,0.33333333,0.32313711,0.79678774,0.3002642,0.25317409,0.00040024519
16,35,38,true,plain,-1,counting,counting-days-four,0.52380952,0.37497676,0.80791998,0.3579802,0.34797853,-0.0014617443
16,35,38,true,plain,-1,counting,counting-triangle-sides,0.33333333,0.39016285,0.85683575,0.3594376,0.27912691,0.0019136667
16,35,38,true,plain,-1,counting,counting-week-days,0.33333333,0.41570753,0.85885369,0.39668475,0.32881058,0.0046104789
16,35,38,true,plain,-1,factual,factual-canberra,0.33333333,0.32485141,0.83785309,0.2972174,0.24583227,-0.0079344511
16,35,38,true,plain,-1,factual,factual-gold-symbol,0.33333333,0.28661283,0.66445077,0.26725564,0.24535811,-0.0062246919
16,35,38,true,plain,-1,factual,factual-mercury,0.28,0.23551221,0.74290886,0.23389782,0.17201611,-0.006133914
16,35,38,true,plain,-1,factual,factual-pacific,0.23076923,0.27113316,0.66668341,0.25596768,0.19388545,-0.0070264339
16,35,38,true,plain,-1,factual,factual-photosynthesis,0.28,0.33744298,0.85127352,0.29042323,0.24004355,-0.0014178157
16,35,38,true,plain,-1,factual,factual-shakespeare,0.14285714,0.2279921,0.85419558,0.19702612,0.10398537,-0.0030759573
16,35,38,true,plain,-1,multihop,multihop-cairo-continent,0.14285714,0.22386006,0.75131217,0.21862833,0.11943029,-0.0015705824
16,35,38,true,plain,-1,multihop,multihop-eiffel-capital,0.23076923,0.29228762,0.91407784,0.300756,0.14578683,-0.003975153
16,35,38,true,plain,-1,multihop,multihop-kangaroo-hemisphere,0.14285714,0.1288523,0.40477721,0.1149627,0.13503643,-0.0028101802
16,35,38,true,plain,-1,multihop,multihop-madrid-language,0.23076923,0.2333625,0.74134956,0.23733087,0.13468664,-0.0032169819
16,35,38,true,plain,-1,multihop,multihop-sushi-currency,0.28,0.30897583,0.80740373,0.27014905,0.20232543,-0.00034362078
16,35,38,true,plain,-1,syntactic,syntactic-alphabet,0.23076923,0.17170763,0.31834401,0.16282605,0.18878871,0.0031485558
16,35,38,true,plain,-1,syntactic,syntactic-numbered-list,0.39130435,0.31349315,0.79783972,0.30959529,0.28060914,-0.0027494431
16,35,38,true,plain,-1,syntactic,syntactic-past-go,0.10344828,0.11764369,0.30643831,0.094898267,0.12792607,0.00094211102
16,35,38,true,plain,-1,syntactic,syntactic-plural-child,0.28,0.1683774,0.29592743,0.15883396,0.18551341,0.0007802248
16,35,38,true,plain,-1,syntactic,syntactic-roses-blue,0.33333333,0.31065865,0.82791442,0.29235442,0.26033302,-0.0023238063
25,14,21,false,chat,-2,antonym,chat-antonym-early,0.02173913,0.00040238665,0.15577926,0.00027399746,0.00040238665,-0.0012463927
25,14,21,false,chat,-2,antonym,chat-antonym-north,0.045454545,0.00047147146,0.17746237,0.0003525912,0.00047147146,-0.0011960268
25,14,21,false,chat,-2,association,chat-association-desert,0.02173913,0.00033241255,0.22963987,0.00022212535,0.00033241255,-0.0011770129
25,14,21,false,chat,-2,counting,chat-counting-triangle,0.021276596,0.00043787428,0.11890157,0.00029177332,0.00043787428,-0.0012282729
25,14,21,false,chat,-2,factual,chat-factual-canberra,0.020408163,0.00037209375,0.12347462,0.00024461542,0.00037209375,-0.00131464
25,14,21,false,chat,-2,factual,chat-factual-gold,0.043478261,0.00096121557,0.17658768,0.00068592905,0.00096121557,-0.0011286736
25,14,21,false,chat,-2,multihop,chat-multihop-sushi-currency,0.020833333,0.0004512826,0.16451319,0.00030512644,0.0004512826,-0.0011851192
25,14,21,false,chat,-2,syntactic,chat-syntactic-plural-child,0.020408163,0.00047733926,0.19117843,0.00032025491,0.00047733926,-0.0011579394
25,14,21,false,chat,-1,antonym,chat-antonym-early,0.05,0.00082048524,0.022177122,0.00060172185,0.00082048524,-0.00040340424
25,14,21,false,chat,-1,antonym,chat-antonym-north,0.024390244,0.00029784762,0.0027954733,0.00019656218,0.00029784762,-0.00064325333
25,14,21,false,chat,-1,association,chat-association-desert,0.045454545,0.00059890821,0.00515011,0.00035129755,0.00059890821,-0.00046139956
25,14,21,false,chat,-1,counting,chat-counting-triangle,0.048780488,0.0005278467,0.044389408,0.00037093529,0.0005278467,-0.00037395954
25,14,21,false,chat,-1,factual,chat-factual-canberra,0.054054054,0.00032563351,0.039381177,0.00027626188,0.00032563351,-0.00039726496
25,14,21,false,chat,-1,factual,chat-factual-gold,0.081081081,0.00086142231,0.10823808,0.00065012926,0.00086142231,-0.0003491044
25,14,21,false,chat,-1,multihop,chat-multihop-sushi-currency,0.027027027,0.00042189149,0.037251174,0.00029057766,0.00042189149,-0.00038868189
25,14,21,false,chat,-1,syntactic,chat-syntactic-plural-child,0.05,0.00083596776,0.11267452,0.00062120946,0.00083596776,-0.00039350986
25,14,21,false,plain,-2,antonym,antonym-early-late,0.14285714,0.00027843796,0.26685127,0.00026167873,0.00027843796,-0.0030100942
25,14,21,false,plain,-2,antonym,antonym-fast-slow,0,0,0,0,0,-0.0011268854
25,14,21,false,plain,-2,antonym,antonym-north-south,0.090909091,0.00017108192,0.14114602,0.00018282935,0.00017108192,-0.0009457469
25,14,21,false,plain,-2,antonym,antonym-tall-short,0.042553191,7.6881835e-05,0.037197649,5.2854698e-05,7.6881835e-05,-0.00094854832
25,14,21,false,plain,-2,antonym,antonym-victory-defeat,0.11904762,0.00055275802,0.36891346,0.00051299661,0.00055275802,-0.0040031672
25,14,21,false,plain,-2,association,association-birthday,0.042553191,0.00029037665,0.3080253,0.00025666462,0.00029037665,-0.0019547343
25,14,21,false,plain,-2,association,association-desert,0,0,0,0,0,-0.0023828149
25,14,21,false,plain,-2,association,association-doctor,0.043478261,0.00034802287,0.091277285,0.00031778757,0.00034802287,-0.0011085272
25,14,21,false,plain,-2,association,association-storm,0.020833333,3.994737e-05,0.027033669,1.9617007e-05,3.994737e-05,-0.0025985837
25,14,21,false,plain,-2,association,association-violin,0,0,0,0,0,-0.0010456443
25,14,21,false,plain,-2,counting,counting-colors-three,0.063829787,0.00025435561,0.15273231,0.00018416156,0.00025435561,-0.0022363067
25,14,21,false,plain,-2,counting,counting-days-four,0.021276596,1.7133107e-05,0.0067863115,1.2070025e-05,1.7133107e-05,-0.0016223192
25,14,21,false,plain,-2,counting,counting-triangle-sides,0.065217391,0.00038354199,0.15914695,0.00034464718,0.00038354199,-0.0027924776
25,14,21,false,plain,-2,counting,counting-week-days,0.068181818,0.00025570921,0.35303002,0.00026564176,0.00025570921,-0.0031514764
25,14,21,false,plain,-2,factual,factual-canberra,0.11363636,0.00033925487,0.39663536,0.00036074303,0.00033925487,-0.0044205785
25,14,21,false,plain,-2,factual,factual-gold-symbol,0.02173913,0.00033468651,0.60910291,0.00027379354,0.00033468651,-0.0039352775
25,14,21,false,plain,-2,factual,factual-mercury,0.022222222,0.00011830323,0.11347782,9.4651635e-05,0.00011858865,-0.0022723675
25,14,21,false,plain,-2,factual,factual-pacific,0.020408163,9.7730515e-05,0.04589499,8.7003629e-05,9.7730515e-05,-0.0016605258
25,14,21,false,plain,-2,factual,factual-photosynthesis,0,0,0,0,0,-0.002414465
25,14,21,false,plain,-2,factual,factual-shakespeare,0.041666667,0.00015067953,0.0043298895,0.00012070379,0.00015067953,-0.0030387044
25,14,21,false,plain,-2,multihop,multihop-cairo-continent,0.095238095,0.00045931667,0.11405311,0.00051909359,0.00045931667,-0.0029267669
25,14,21,false,plain,-2,multihop,multihop-eiffel-capital,0.066666667,0.00027290743,0.26498611,0.00020937708,0.00027290743,-0.0013751388
25,14,21,false,plain,-2,multihop,multihop-kangaroo-hemisphere,0.02173913,0.00018321055,0.059122288,0.00016268743,0.00018321055,-0.00079900026
25,14,21,false,plain,-2,multihop,multihop-madrid-language,0.047619048,0.00064700042,0.85522986,0.00065629077,0.00064700042,-0.0027127862
25,14,21,false,plain,-2,multihop,multihop-sushi-currency,0.044444444,8.5086474e-05,0.01591684,7.8418072e-05,8.5086474e-05,-0.0011831522
25,14,21,false,plain,-2,syntactic,syntactic-alphabet,0.020833333,6.5636101e-05,0.0092355082,5.4391686e-05,6.5636101e-05,-0.00071835518
25,14,21,false,plain,-2,syntactic,syntactic-numbered-list,0.022222222,2.9322211e-05,0.0063503889,2.818698e-05,2.9322211e-05,-0.00064122677
25,14,21,false,plain,-2,syntactic,syntactic-past-go,0.020833333,0.0002009994,0.022678,0.0001244148,0.0002009994,-0.00080597401
25,14,21,false,plain,-2,syntactic,syntactic-plural-child,0.043478261,0.0002702761,0.090162059,0.00024615298,0.0002702761,-0.00071167946
25,14,21,false,plain,-2,syntactic,syntactic-roses-blue,0.088888889,0.00017561584,0.17124035,0.00016981553,0.00017561584,-0.0040985346
25,14,21,false,plain,-1,antonym,antonym-early-late,0,0,0,0,0,-0.00071638823
25,14,21,false,plain,-1,antonym,antonym-fast-slow,0.043478261,4.9464355e-05,0.026064181,4.8289581e-05,4.9464355e-05,-0.001083672
25,14,21,false,plain,-1,antonym,antonym-north-south,0.020833333,0.00019082753,0.2200244,0.00019478815,0.00019082753,-0.0010685921
25,14,21,false,plain,-1,antonym,antonym-tall-short,0.069767442,0.00018417258,0.096961707,0.00019623072,0.00018417258,-0.001083672
25,14,21,false,plain,-1,antonym,antonym-victory-defeat,0.045454545,0.00013091787,0.12676142,0.00012933462,0.00013093086,-0.0011816025
25,14,21,false,plain,-1,association,association-birthday,0.021276596,7.2047008e-05,0.066678862,6.4938728e-05,7.2047008e-05,-0.0025062561
25,14,21,false,plain,-1,association,association-desert,0.13953488,0.00029172358,0.40364,0.00028042428,0.00022853589,-0.004637897
25,14,21,false,plain,-1,association,association-doctor,0.042553191,0.00034027567,0.047382933,0.00030993277,0.00034027567,-0.00065594912
25,14,21,false,plain,-1,association,association-storm,0.088888889,0.00023563924,0.34661626,0.00019994264,0.00025174225,-0.0047751069
25,14,21,false,plain,-1,association,association-violin,0,0,0,0,0,-0.0021405816
25,14,21,false,plain,-1,counting,counting-colors-three,0.042553191,0.00020035356,0.051900566,0.0001465556,0.00020035356,-0.0020340681
25,14,21,false,plain,-1,counting,counting-days-four,0.020833333,8.3709476e-05,0.010398521,4.9221609e-05,8.3709476e-05,-0.0012997389
25,14,21,false,plain,-1,counting,counting-triangle-sides,0.020833333,0.00015540288,0.095530359,0.00010577769,0.00015540288,-0.0012173653
25,14,21,false,plain,-1,counting,counting-week-days,0,0,0,0,0,-0.001363337
25,14,21,false,plain,-1,factual,factual-canberra,0.066666667,0.00021940401,0.42148491,0.00020806845,0.00013866499,-0.0032307506
25,14,21,false,plain,-1,factual,factual-gold-symbol,0.020833333,3.3864531e-05,0.018557823,2.0832648e-05,3.3864531e-05,-0.0013831258
25,14,21,false,plain,-1,factual,factual-mercury,0,0,0,0,0,-0.0017790198
25,14,21,false,plain,-1,factual,factual-pacific,0.042553191,5.6248675e-05,0.052891256,4.8294192e-05,5.6248675e-05,-0.0040791631
25,14,21,false,plain,-1,factual,factual-photosynthesis,0.043478261,0.00014530696,0.17550391,0.00010615696,0.00014530696,-0.0013235807
25,14,21,false,plain,-1,factual,factual-shakespeare,0.11111111,0.00016148222,0.041895655,0.00013582408,0.00018399666,-0.0040723681
25,14,21,false,plain,-1,multihop,multihop-cairo-continent,0.043478261,0.00013513393,0.092799931,0.00011881884,0.00015054069,-0.00076889992
25,14,21,false,plain,-1,multihop,multihop-eiffel-capital,0.022222222,0.00011292871,0.026488217,0.00011282644,0.00011292871,-0.0016796589
25,14,21,false,plain,-1,multihop,multihop-kangaroo-hemisphere,0.02173913,2.2014934e-05,0.0032842598,2.186773e-05,2.2014934e-05,-0.0011093616
25,14,21,false,plain,-1,multihop,multihop-madrid-language,0,0,0,0,0,-0.0013036728
25,14,21,false,plain,-1,multihop,multihop-sushi-currency,0.022222222,0.00012687169,0.45223625,0.00011572772,0.00012687169,-0.003995657
25,14,21,false,plain,-1,syntactic,syntactic-alphabet,0.021276596,9.0602578e-05,0.05605098,7.3895025e-05,9.0602578e-05,-0.00084221363
25,14,21,false,plain,-1,syntactic,syntactic-numbered-list,0.020408163,5.6307654e-05,0.052845913,5.153888e-05,5.6307654e-05,-0.0030980706
25,14,21,false,plain,-1,syntactic,syntactic-past-go,0.042553191,0.00036112648,0.19199311,0.00027800179,0.00036112648,-0.00090372562
25,14,21,false,plain,-1,syntactic,syntactic-plural-child,0.020833333,0.00034204553,0.3356539,0.00021969601,0.00034204553,-0.0010909438
25,14,21,false,plain,-1,syntactic,syntactic-roses-blue,0,0,0,0,0,-0.0023511648
25,21,28,false,chat,-2,antonym,chat-antonym-early,0,0,0,0,0,0.004195869
25,21,28,false,chat,-2,antonym,chat-antonym-north,0,0,0,0,0,0.0034791231
25,21,28,false,chat,-2,association,chat-association-desert,0,0,0,0,0,0.0037744641
25,21,28,false,chat,-2,counting,chat-counting-triangle,0,0,0,0,0,0.0049198866
25,21,28,false,chat,-2,factual,chat-factual-canberra,0.021276596,9.4467323e-05,0.019553883,6.8013215e-05,9.4467323e-05,0.0036150217
25,21,28,false,chat,-2,factual,chat-factual-gold,0,0,0,0,0,0.003826499
25,21,28,false,chat,-2,multihop,chat-multihop-sushi-currency,0,0,0,0,0,0.0038161874
25,21,28,false,chat,-2,syntactic,chat-syntactic-plural-child,0.020408163,1.8084523e-05,0.00053625029,9.7188581e-06,1.8084523e-05,0.0043907166
25,21,28,false,chat,-1,antonym,chat-antonym-early,0,0,0,0,0,0.0049516559
25,21,28,false,chat,-1,antonym,chat-antonym-north,0.023255814,5.7952639e-06,0.0032795254,4.1077629e-06,5.7952639e-06,0.0045511723
25,21,28,false,chat,-1,association,chat-association-desert,0.020408163,2.6924771e-05,0.037625166,3.0295233e-05,2.6924771e-05,0.0045522451
25,21,28,false,chat,-1,counting,chat-counting-triangle,0,0,0,0,0,0.0062033534
25,21,28,false,chat,-1,factual,chat-factual-canberra,0.069767442,0.00016527552,0.054413938,0.00011515587,0.00016527552,0.0057324767
25,21,28,false,chat,-1,factual,chat-factual-gold,0.02173913,3.6232612e-05,0.00099039132,2.4315746e-05,3.6232612e-05,0.0047731996
25,21,28,false,chat,-1,multihop,chat-multihop-sushi-currency,0,0,0,0,0,0.0049294233
25,21,28,false,chat,-1,syntactic,chat-syntactic-plural-child,0.045454545,4.5405969e-05,0.02308476,2.412684e-05,4.5405969e-05,0.0052304268
25,21,28,false,plain,-2,antonym,antonym-early-late,0,0,0,0,0,0.0088242888
25,21,28,false,plain,-2,antonym,antonym-fast-slow,0,0,0,0,0,0.0062117577
25,21,28,false,plain,-2,antonym,antonym-north-south,0,0,0,0,0,0.0064171553
25,21,28,false,plain,-2,antonym,antonym-tall-short,0.020833333,3.5144201e-05,0.034951845,1.9046234e-05,3.5144201e-05,0.0067427158
25,21,28,false,plain,-2,antonym,antonym-victory-defeat,0,0,0,0,0,0.0070613027
25,21,28,false,plain,-2,association,association-birthday,0.020833333,0.00011163053,0.00090501093,9.4008202e-05,0.00011163053,0.0067831874
25,21,28,false,plain,-2,association,association-desert,0,0,0,0,0,0.0096647143
25,21,28,false,plain,-2,association,association-doctor,0,0,0,0,0,0.0092428923
25,21,28,false,plain,-2,association,association-storm,0,0,0,0,0,0.0071128011
25,21,28,false,plain,-2,association,association-violin,0,0,0,0,0,0.0087613463
25,21,28,false,plain,-2,counting,counting-colors-three,0.020408163,8.9767913e-05,0.022247013,9.4672838e-05,8.9767913e-05,0.0071161389
25,21,28,false,plain,-2,counting,counting-days-four,0,0,0,0,0,0.0099474192
25,21,28,false,plain,-2,counting,counting-triangle-sides,0.020833333,0.00014719215,0.0025288736,0.00010391127,0.00014719215,0.0080343485
25,21,28,false,plain,-2,counting,counting-week-days,0,0,0,0,0,0.0079057217
25,21,28,false,plain,-2,factual,factual-canberra,0.020833333,0.00013232166,0.10129986,0.00010030248,0.00013232166,0.008523941
25,21,28,false,plain,-2,factual,factual-gold-symbol,0,0,0,0,0,0.0059313178
25,21,28,false,plain,-2,factual,factual-mercury,0,0,0,0,0,0.0087668896
25,21,28,false,plain,-2,factual,factual-pacific,0,0,0,0,0,0.0082508922
25,21,28,false,plain,-2,factual,factual-photosynthesis,0,0,0,0,0,0.011960804
25,21,28,false,plain,-2,factual,factual-shakespeare,0.042553191,0.00011088498,0.1878348,0.0001002594,0.00011088498,0.012439966
25,21,28,false,plain,-2,multihop,multihop-cairo-continent,0,0,0,0,0,0.0084501505
25,21,28,false,plain,-2,multihop,multihop-eiffel-capital,0,0,0,0,0,0.007997632
25,21,28,false,plain,-2,multihop,multihop-kangaroo-hemisphere,0,0,0,0,0,0.0073832273
25,21,28,false,plain,-2,multihop,multihop-madrid-language,0,0,0,0,0,0.0078148842
25,21,28,false,plain,-2,multihop,multihop-sushi-currency,0,0,0,0,0,0.0070651174
25,21,28,false,plain,-2,syntactic,syntactic-alphabet,0,0,0,0,0,0.009303093
25,21,28,false,plain,-2,syntactic,syntactic-numbered-list,0,0,0,0,0,0.0065025091
25,21,28,false,plain,-2,syntactic,syntactic-past-go,0.043478261,6.8863555e-05,0.03420938,6.6559538e-05,6.8863555e-05,0.0092098117
25,21,28,false,plain,-2,syntactic,syntactic-plural-child,0,0,0,0,0,0.0080676675
25,21,28,false,plain,-2,syntactic,syntactic-roses-blue,0.020833333,3.6668171e-05,0.024757982,3.7045302e-05,3.6963168e-05,0.0058961511
25,21,28,false,plain,-1,antonym,antonym-early-late,0,0,0,0,0,0.010280848
25,21,28,false,plain,-1,antonym,antonym-fast-slow,0.020833333,5.7988655e-05,0.18406505,3.1966638e-05,5.7988655e-05,0.01364702
25,21,28,false,plain,-1,antonym,antonym-north-south,0.066666667,0.00016140983,0.27291805,0.00014916402,0.00016140983,0.012201428
25,21,28,false,plain,-1,antonym,antonym-tall-short,0.043478261,2.9107362e-05,0.051959564,1.9205987e-05,2.9107362e-05,0.011536777
25,21,28,false,plain,-1,antonym,antonym-victory-defeat,0.063829787,9.3651249e-05,0.054727389,7.2774166e-05,5.2308098e-05,0.014174283
25,21,28,false,plain,-1,association,association-birthday,0.043478261,0.00014608005,0.069766602,0.00010860055,0.00018756804,0.0096775889
25,21,28,false,plain,-1,association,association-desert,0,0,0,0,0,0.0079620481
25,21,28,false,plain,-1,association,association-doctor,0,0,0,0,0,0.007201314
25,21,28,false,plain,-1,association,association-storm,0.043478261,0.00012038644,0.02271388,9.0577606e-05,0.00015959267,0.0065967441
25,21,28,false,plain,-1,association,association-violin,0.020833333,9.2573088e-05,0.020576219,6.1747797e-05,9.2573088e-05,0.010870039
25,21,28,false,plain,-1,counting,counting-colors-three,0,0,0,0,0,0.010368943
25,21,28,false,plain,-1,counting,counting-days-four,0.021276596,8.721622e-05,0.03304151,6.391535e-05,8.721622e-05,0.0099196434
25,21,28,false,plain,-1,counting,counting-triangle-sides,0,0,0,0,0,0.011846185
25,21,28,false,plain,-1,counting,counting-week-days,0,0,0,0,0,0.011117101
25,21,28,false,plain,-1,factual,factual-canberra,0,0,0,0,0,0.009963274
25,21,28,false,plain,-1,factual,factual-gold-symbol,0.020408163,1.3123384e-05,0.018130393,8.9692528e-06,1.3123384e-05,0.010362506
25,21,28,false,plain,-1,factual,factual-mercury,0.022727273,0.00010172509,0.005530894,7.695174e-05,0.00010172509,0.010910094
25,21,28,false,plain,-1,factual,factual-pacific,0,0,0,0,0,0.0093672872
25,21,28,false,plain,-1,factual,factual-photosynthesis,0,0,0,0,0,0.010410309
25,21,28,false,plain,-1,factual,factual-shakespeare,0.041666667,3.6498032e-05,0.00029733883,3.3727001e-05,3.6498032e-05,0.0094432831
25,21,28,false,plain,-1,multihop,multihop-cairo-continent,0,0,0,0,0,0.0069620609
25,21,28,false,plain,-1,multihop,multihop-eiffel-capital,0,0,0,0,0,0.0081282854
25,21,28,false,plain,-1,multihop,multihop-kangaroo-hemisphere,0.021276596,7.645743e-05,0.0013794164,9.0326467e-05,7.645743e-05,0.0099793673
25,21,28,false,plain,-1,multihop,multihop-madrid-language,0.020833333,3.5147115e-05,0.000562984,3.1187298e-05,3.5147115e-05,0.0075749159
25,21,28,false,plain,-1,multihop,multihop-sushi-currency,0.043478261,0.00014386043,0.074949014,0.00012322304,0.00014386043,0.010319054
25,21,28,false,plain,-1,syntactic,syntactic-alphabet,0,0,0,0,0,0.0084887743
25,21,28,false,plain,-1,syntactic,syntactic-numbered-list,0.020833333,0.00013474583,0.41610755,0.00014546414,0.00013474583,0.0080223083
25,21,28,false,plain,-1,syntactic,syntactic-past-go,0.02173913,1.9616682e-05,0.0013593359,1.6001865e-05,1.9616682e-05,0.010252833
25,21,28,false,plain,-1,syntactic,syntactic-plural-child,0,0,0,0,0,0.0094357133
25,21,28,false,plain,-1,syntactic,syntactic-roses-blue,0,0,0,0,0,0.0072017312
25,28,35,false,chat,-2,antonym,chat-antonym-early,0,0,0,0,0,0.015952468
25,28,35,false,chat,-2,antonym,chat-antonym-north,0,0,0,0,0,0.012038171
25,28,35,false,chat,-2,association,chat-association-desert,0.020833333,0.014408416,0.01990106,0.011545071,0.014408416,0.017645001
25,28,35,false,chat,-2,counting,chat-counting-triangle,0.065217391,0.056029512,0.14228096,0.058340231,0.056029512,0.0052822828
25,28,35,false,chat,-2,factual,chat-factual-canberra,0,0,0,0,0,0.02176404
25,28,35,false,chat,-2,factual,chat-factual-gold,0.020408163,0.0016553465,0.0011254548,0.0012313097,0.0017677242,0.0096022487
25,28,35,false,chat,-2,multihop,chat-multihop-sushi-currency,0.020408163,0.015770962,0.015254298,0.01345627,0.016760495,0.0088368058
25,28,35,false,chat,-2,syntactic,chat-syntactic-plural-child,0,0,0,0,0,0.010276079
25,28,35,false,chat,-1,antonym,chat-antonym-early,0,0,0,0,0,0.013311982
25,28,35,false,chat,-1,antonym,chat-antonym-north,0,0,0,0,0,0.0060491562
25,28,35,false,chat,-1,association,chat-association-desert,0.020408163,0.017451867,0.036439235,0.013972145,0.017451867,0.011146009
25,28,35,false,chat,-1,counting,chat-counting-triangle,0.066666667,0.055420431,0.16039254,0.054989789,0.055420431,0.00078326464
25,28,35,false,chat,-1,factual,chat-factual-canberra,0,0,0,0,0,0.015319943
25,28,35,false,chat,-1,factual,chat-factual-gold,0,0,0,0,0,0.0083659291
25,28,35,false,chat,-1,multihop,chat-multihop-sushi-currency,0.020833333,0.00074761749,0.0011209384,0.00076560367,0.00074761749,0.0046671033
25,28,35,false,chat,-1,syntactic,chat-syntactic-plural-child,0,0,0,0,0,0.0061619282
25,28,35,false,plain,-2,antonym,antonym-early-late,0.020833333,0.01028074,0.0083791685,0.0077063139,0.011411111,0.0077408552
25,28,35,false,plain,-2,antonym,antonym-fast-slow,0,0,0,0,0,0.0086151361
25,28,35,false,plain,-2,antonym,antonym-north-south,0,0,0,0,0,0.010128796
25,28,35,false,plain,-2,antonym,antonym-tall-short,0.020833333,0.014506572,0.017075606,0.0080623991,0.016687937,0.0094889402
25,28,35,false,plain,-2,antonym,antonym-victory-defeat,0.020408163,0.029101858,0.08555978,0.025449253,0.035065362,0.0099230409
25,28,35,false,plain,-2,association,association-birthday,0,0,0,0,0,0.010952652
25,28,35,false,plain,-2,association,association-desert,0.020408163,0.01104334,0.010497513,0.0089707065,0.011416145,0.013739645
25,28,35,false,plain,-2,association,association-doctor,0.020408163,0.00073882877,0.00058002014,0.00051523256,0.00084375429,0.014783561
25,28,35,false,plain,-2,association,association-storm,0.044444444,0.0044982498,0.0057583297,0.0036579503,0.0047367787,0.020306587
25,28,35,false,plain,-2,association,association-violin,0.086956522,0.1097535,0.27518582,0.095218314,0.11217481,0.0083705187
25,28,35,false,plain,-2,counting,counting-colors-three,0.020408163,0.023523001,0.040663796,0.025060855,0.027105199,0.014113247
25,28,35,false,plain,-2,counting,counting-days-four,0,0,0,0,0,0.015537977
25,28,35,false,plain,-2,counting,counting-triangle-sides,0.020408163,0.013653623,0.011940735,0.0095675241,0.016127432,0.01255554
25,28,35,false,plain,-2,counting,counting-week-days,0,0,0,0,0,0.012564063
25,28,35,false,plain,-2,factual,factual-canberra,0.020408163,0.011144434,0.0113147,0.013162161,0.01334362,0.011910915
25,28,35,false,plain,-2,factual,factual-gold-symbol,0.045454545,0.072542211,0.14999355,0.06152852,0.092108289,0.010052502
25,28,35,false,plain,-2,factual,factual-mercury,0,0,0,0,0,0.011428535
25,28,35,false,plain,-2,factual,factual-pacific,0.042553191,0.030517678,0.040623557,0.026564113,0.031879849,0.0064083934
25,28,35,false,plain,-2,factual,factual-photosynthesis,0.068181818,0.11802424,0.48004125,0.089952518,0.004271681,0.0092576146
25,28,35,false,plain,-2,factual,factual-shakespeare,0.043478261,0.02289482,0.057573305,0.020063557,0.023673218,0.0068329573
25,28,35,false,plain,-2,multihop,multihop-cairo-continent,0,0,0,0,0,0.012370765
25,28,35,false,plain,-2,multihop,multihop-eiffel-capital,0,0,0,0,0,0.012474716
25,28,35,false,plain,-2,multihop,multihop-kangaroo-hemisphere,0.041666667,0.034174013,0.094423495,0.030166306,0.013964103,0.014337182
25,28,35,false,plain,-2,multihop,multihop-madrid-language,0,0,0,0,0,0.012133956
25,28,35,false,plain,-2,multihop,multihop-sushi-currency,0,0,0,0,0,0.0093644261
25,28,35,false,plain,-2,syntactic,syntactic-alphabet,0,0,0,0,0,0.0011337399
25,28,35,false,plain,-2,syntactic,syntactic-numbered-list,0.020408163,0.031758618,0.21930493,0.01884427,0,0.018400788
25,28,35,false,plain,-2,syntactic,syntactic-past-go,0.043478261,0.02204044,0.053478995,0.019573567,0.026048517,0.014197588
25,28,35,false,plain,-2,syntactic,syntactic-plural-child,0.020408163,0.00067979427,0.00016992516,0.00060541572,0.00082424812,0.013602495
25,28,35,false,plain,-2,syntactic,syntactic-roses-blue,0.042553191,0.011950187,0.029290183,0.010307424,0.0084662725,0.0015964508
25,28,35,false,plain,-1,antonym,antonym-early-late,0,0,0,0,0,0.0080729127
25,28,35,false,plain,-1,antonym,antonym-fast-slow,0.020408163,0.026212434,0.10134176,0.013919382,0.029954303,0.0057057738
25,28,35,false,plain,-1,antonym,antonym-north-south,0.021276596,0.038026272,0.16167764,0.021465478,0.041768186,-0.00022470951
25,28,35,false,plain,-1,antonym,antonym-tall-short,0.020833333,0.044682576,0.21112566,0.023972529,0.047681169,-7.4982643e-05
25,28,35,false,plain,-1,antonym,antonym-victory-defeat,0.041666667,0.021966828,0.048815567,0.014844452,0.017670017,0.005521059
25,28,35,false,plain,-1,association,association-birthday,0.066666667,0.14263908,0.58013133,0.13761181,0.014720904,0.011272788
25,28,35,false,plain,-1,association,association-desert,0.020408163,0.030873894,0.047543786,0.024973429,0.032944854,0.014117599
25,28,35,false,plain,-1,association,association-doctor,0.041666667,0.016369121,0.04447082,0.017181827,0.017503011,0.010946631
25,28,35,false,plain,-1,association,association-storm,0.065217391,0.11171986,0.36599814,0.11048089,0.020720431,0.018738031
25,28,35,false,plain,-1,association,association-violin,0.020408163,0.017943479,0.068429582,0.011617396,0.018737103,0.0075625181
25,28,35,false,plain,-1,counting,counting-colors-three,0.021276596,0.023378488,0.085469828,0.025077029,0.024955898,0.013188064
25,28,35,false,plain,-1,counting,counting-days-four,0.11363636,0.058534874,0.093221441,0.056045751,0.061526578,0.014568627
25,28,35,false,plain,-1,counting,counting-triangle-sides,0.020408163,0.0032542109,0.0011698363,0.0036784903,0.0035176111,0.0027945042
25,28,35,false,plain,-1,counting,counting-week-days,0,0,0,0,0,0.0072815418
25,28,35,false,plain,-1,factual,factual-canberra,0,0,0,0,0,0.013350368
25,28,35,false,plain,-1,factual,factual-gold-symbol,0,0,0,0,0,0.011335671
25,28,35,false,plain,-1,factual,factual-mercury,0,0,0,0,0,0.006015718
25,28,35,false,plain,-1,factual,factual-pacific,0,0,0,0,0,0.0077720284
25,28,35,false,plain,-1,factual,factual-photosynthesis,0.020833333,0.018435331,0.027460311,0.015319444,0.021261372,0.009075582
25,28,35,false,plain,-1,factual,factual-shakespeare,0.020408163,0.031514168,0.034229753,0.029363687,0.03761252,0.0068306327
25,28,35,false,plain,-1,multihop,multihop-cairo-continent,0.020408163,0.030531738,0.052420512,0.028803755,0.03421294,0.010705292
25,28,35,false,plain,-1,multihop,multihop-eiffel-capital,0,0,0,0,0,0.012028337
25,28,35,false,plain,-1,multihop,multihop-kangaroo-hemisphere,0,0,0,0,0,0.0085599422
25,28,35,false,plain,-1,multihop,multihop-madrid-language,0.088888889,0.050919237,0.10022039,0.04735836,0.056966726,0.0094311833
25,28,35,false,plain,-1,multihop,multihop-sushi-currency,0.020408163,0.0068773311,0.0069443044,0.0062086976,0.0075158455,0.0024290681
25,28,35,false,plain,-1,syntactic,syntactic-alphabet,0,0,0,0,0,-0.00015389919
25,28,35,false,plain,-1,syntactic,syntactic-numbered-list,0.020833333,0.028450766,0.087132677,0.027796291,0.030245904,0.005795002
25,28,35,false,plain,-1,syntactic,syntactic-past-go,0,0,0,0,0,0.0064396858
25,28,35,false,plain,-1,syntactic,syntactic-plural-child,0.042553191,0.014507572,0.014015836,0.014772358,0.014733649,0.0092034936
25,28,35,false,plain,-1,syntactic,syntactic-roses-blue,0.042553191,0.051588477,0.1490654,0.049942761,0.056653042,0.0020624399
25,35,38,true,chat,-2,antonym,chat-antonym-early,0.28205128,0.23475558,0.89318218,0.22539966,0.24074852,-0.011926949
25,35,38,true,chat,-2,antonym,chat-antonym-north,0.32432432,0.36354576,0.85037583,0.33430991,0.29642112,0.0040322542
25,35,38,true,chat,-2,association,chat-association-desert,0.38888889,0.32478002,0.90972119,0.30870381,0.32478002,-0.0092204213
25,35,38,true,chat,-2,counting,chat-counting-triangle,0.225,0.1995642,0.67040978,0.18077659,0.20292088,0.00019335747
25,35,38,true,chat,-2,factual,chat-factual-canberra,0.25641026,0.27677955,0.86643315,0.24843186,0.18464943,-0.010570705
25,35,38,true,chat,-2,factual,chat-factual-gold,0.28205128,0.28617085,0.75958053,0.27031076,0.24515151,-0.002792418
25,35,38,true,chat,-2,multihop,chat-multihop-sushi-currency,0.25,0.29027033,0.71457686,0.25625862,0.23065529,0.00013381243
25,35,38,true,chat,-2,syntactic,chat-syntactic-plural-child,0.225,0.24111622,0.78078025,0.22828953,0.24111622,-0.0054594278
25,35,38,true,chat,-1,antonym,chat-antonym-early,0.225,0.23222185,0.86325747,0.21961654,0.25256795,-0.011256397
25,35,38,true,chat,-1,antonym,chat-antonym-north,0.19512195,0.34710583,0.86211989,0.30550389,0.34899357,0.0074936152
25,35,38,true,chat,-1,association,chat-association-desert,0.31578947,0.34977032,0.90635462,0.34214515,0.35016489,-0.0068913102
25,35,38,true,chat,-1,counting,chat-counting-triangle,0.19047619,0.21400965,0.69420972,0.20544814,0.21400965,0.00014472008
25,35,38,true,chat,-1,factual,chat-factual-canberra,0.32432432,0.28745344,0.82886959,0.26197056,0.28745344,-0.0095098615
25,35,38,true,chat,-1,factual,chat-factual-gold,0.31578947,0.2840273,0.71535915,0.25742054,0.28455594,-0.0043210387
25,35,38,true,chat,-1,multihop,chat-multihop-sushi-currency,0.32258065,0.37033274,0.76129246,0.33622755,0.37033274,0.00027108192
25,35,38,true,chat,-1,syntactic,chat-syntactic-plural-child,0.25,0.30294219,0.77610955,0.28384874,0.30294219,-0.0041484833
25,35,38,true,plain,-2,antonym,antonym-early-late,0.31578947,0.29454215,0.84522327,0.2526483,0.21109213,-0.00022268295
25,35,38,true,plain,-2,antonym,antonym-fast-slow,0.2195122,0.36049821,0.8954294,0.3336884,0.18685752,0.0063356161
25,35,38,true,plain,-2,antonym,antonym-north-south,0.28205128,0.40534601,0.91543115,0.38466453,0.23675391,0.0075106025
25,35,38,true,plain,-2,antonym,antonym-tall-short,0.35135135,0.43056351,0.92769597,0.40896499,0.24416759,0.010601938
25,35,38,true,plain,-2,antonym,antonym-victory-defeat,0.25,0.34159821,0.92197714,0.27567304,0.18802153,0.0023397207
25,35,38,true,plain,-2,association,association-birthday,0.19047619,0.2605335,0.81923218,0.24783244,0.16606831,0.0036022663
25,35,38,true,plain,-2,association,association-desert,0.31578947,0.26539212,0.64229904,0.26334431,0.23849048,-0.0086352825
25,35,38,true,plain,-2,association,association-doctor,0.31578947,0.30065531,0.8636303,0.25210349,0.2331613,-0.0016760826
25,35,38,true,plain,-2,association,association-storm,0.38888889,0.39388346,0.72420458,0.39231646,0.35512834,-0.0065251589
25,35,38,true,plain,-2,association,association-violin,0.51515152,0.32554499,0.73661227,0.28876884,0.33609992,-0.0022081733
25,35,38,true,plain,-2,counting,counting-colors-three,0.35135135,0.30666641,0.86678878,0.25578044,0.21235083,0.0010597706
25,35,38,true,plain,-2,counting,counting-days-four,0.51515152,0.4030348,0.83113287,0.377946,0.36836136,-0.00022405386
25,35,38,true,plain,-2,counting,counting-triangle-sides,0.28205128,0.31219863,0.91186172,0.25088024,0.19328566,0.00093281269
25,35,38,true,plain,-2,counting,counting-week-days,0.2195122,0.28819349,0.88935801,0.22008908,0.16397565,0.0017458797
25,35,38,true,plain,-2,factual,factual-canberra,0.25,0.337626,0.92805129,0.27599986,0.21781072,3.1411648e-05
25,35,38,true,plain,-2,factual,factual-gold-symbol,0.19512195,0.31756848,0.92993802,0.24935143,0.15485255,0.00095713139
25,35,38,true,plain,-2,factual,factual-mercury,0.19512195,0.20998024,0.7526685,0.20262528,0.14664799,-0.0064800978
25,35,38,true,plain,-2,factual,factual-pacific,0.28947368,0.23202099,0.54087231,0.19603122,0.1894221,-0.0005401969
25,35,38,true,plain,-2,factual,factual-photosynthesis,0.35135135,0.32677519,0.91144667,0.29932797,0.26472025,-0.0042445064
25,35,38,true,plain,-2,factual,factual-shakespeare,0.36111111,0.30454419,0.76140269,0.27605002,0.27320198,-0.0062114596
25,35,38,true,plain,-2,multihop,multihop-cairo-continent,0.31578947,0.31119046,0.90830739,0.25988041,0.22625444,-0.00089305639
25,35,38,true,plain,-2,multihop,multihop-eiffel-capital,0.19047619,0.28134396,0.93645375,0.22163751,0.11589252,0.00015467405
25,35,38,true,plain,-2,multihop,multihop-kangaroo-hemisphere,0.5625,0.39518201,0.87293603,0.38191909,0.37750074,-0.0049269795
25,35,38,true,plain,-2,multihop,multihop-madrid-language,0.25,0.31936214,0.93991681,0.26721939,0.18650398,-0.0013683438
25,35,38,true,plain,-2,multihop,multihop-sushi-currency,0.31578947,0.29887617,0.71912854,0.28233264,0.30279557,-0.0013241172
25,35,38,true,plain,-2,syntactic,syntactic-alphabet,0.2195122,0.20874298,0.55471801,0.20217717,0.14670719,0.0017278194
25,35,38,true,plain,-2,syntactic,syntactic-numbered-list,0.088888889,0.22822002,0.86556901,0.15553401,0.051484865,0.0083025098
25,35,38,true,plain,-2,syntactic,syntactic-past-go,0.25641026,0.40186204,0.95226806,0.32889313,0.30155929,-0.00029730797
25,35,38,true,plain,-2,syntactic,syntactic-plural-child,0.28205128,0.35544068,0.94638115,0.29093335,0.23696275,0.00025773048
25,35,38,true,plain,-2,syntactic,syntactic-roses-blue,0.25641026,0.31998551,0.88594465,0.30798271,0.19753395,0.0012060404
25,35,38,true,plain,-1,antonym,antonym-early-late,0.35135135,0.3160833,0.89922264,0.29627085,0.27466047,-0.0068184137
25,35,38,true,plain,-1,antonym,antonym-fast-slow,0.38888889,0.32462096,0.9094482,0.31716715,0.2602019,-0.0042411685
25,35,38,true,plain,-1,antonym,antonym-north-south,0.25,0.27777577,0.80861132,0.25251991,0.21040814,0.0011010766
25,35,38,true,plain,-1,antonym,antonym-tall-short,0.38888889,0.32268948,0.77683614,0.31062374,0.25312079,-0.0014901757
25,35,38,true,plain,-1,antonym,antonym-victory-defeat,0.51515152,0.44658137,0.94336748,0.41757795,0.42340539,-0.0051078796
25,35,38,true,plain,-1,association,association-birthday,0.25641026,0.32043069,0.87562161,0.30563553,0.24447364,-0.0042631626
25,35,38,true,plain,-1,association,association-desert,0.35135135,0.30443393,0.87479457,0.29031984,0.25964394,-0.0098173022
25,35,38,true,plain,-1,association,association-doctor,0.35135135,0.36043744,0.87206586,0.35150995,0.33290397,-0.0037983656
25,35,38,true,plain,-1,association,association-storm,0.42857143,0.39996517,0.91019125,0.39310444,0.36746964,-0.0089964867
25,35,38,true,plain,-1,association,association-violin,0.61290323,0.37522133,0.78260985,0.36807771,0.36017597,-0.0042465925
25,35,38,true,plain,-1,counting,counting-colors-three,0.38888889,0.34479669,0.81447467,0.32419605,0.27909294,2.6583672e-05
25,35,38,true,plain,-1,counting,counting-days-four,0.51515152,0.37365494,0.81715177,0.3632323,0.35314114,-0.0016973615
25,35,38,true,plain,-1,counting,counting-triangle-sides,0.32432432,0.38778311,0.87286614,0.35917104,0.28404978,0.0018182397
25,35,38,true,plain,-1,counting,counting-week-days,0.2195122,0.36108375,0.85461765,0.3550126,0.27585736,0.0043540597
25,35,38,true,plain,-1,factual,factual-canberra,0.31578947,0.30668988,0.84732382,0.2731055,0.23099063,-0.0080080032
25,35,38,true,plain,-1,factual,factual-gold-symbol,0.38888889,0.38940868,0.76445669,0.36880215,0.35657629,-0.0065497756
25,35,38,true,plain,-1,factual,factual-mercury,0.31578947,0.25448676,0.79845983,0.24936171,0.20384933,-0.006097436
25,35,38,true,plain,-1,factual,factual-pacific,0.1627907,0.23937637,0.65312827,0.22828318,0.16218961,-0.0071793795
25,35,38,true,plain,-1,factual,factual-photosynthesis,0.42857143,0.40016158,0.88609094,0.35885396,0.3209519,-0.0015855432
25,35,38,true,plain,-1,factual,factual-shakespeare,0.2195122,0.27427311,0.89625272,0.24346634,0.16364149,-0.0031502843
25,35,38,true,plain,-1,multihop,multihop-cairo-continent,0.1627907,0.23700071,0.78271516,0.23676238,0.14217369,-0.0017769933
25,35,38,true,plain,-1,multihop,multihop-eiffel-capital,0.28205128,0.31439503,0.91876044,0.30866348,0.18141544,-0.0041248202
25,35,38,true,plain,-1,multihop,multihop-kangaroo-hemisphere,0.1627907,0.16424889,0.51482142,0.1487137,0.17124315,-0.0030243993
25,35,38,true,plain,-1,multihop,multihop-madrid-language,0.25,0.24808676,0.78048044,0.24773257,0.15788047,-0.0033086538
25,35,38,true,plain,-1,multihop,multihop-sushi-currency,0.31578947,0.39231213,0.85794184,0.35631873,0.30187097,-0.00057715178
25,35,38,true,plain,-1,syntactic,syntactic-alphabet,0.19047619,0.16094985,0.29898245,0.15210584,0.17416721,0.0030658841
25,35,38,true,plain,-1,syntactic,syntactic-numbered-list,0.38888889,0.34522303,0.82055873,0.34342065,0.3174399,-0.0028850436
25,35,38,true,plain,-1,syntactic,syntactic-past-go,0.19047619,0.17269743,0.42401523,0.15370183,0.16625808,0.0007648468
25,35,38,true,plain,-1,syntactic,syntactic-plural-child,0.28205128,0.20135913,0.37308959,0.1948508,0.19434148,0.00061035156
25,35,38,true,plain,-1,syntactic,syntactic-roses-blue,0.28205128,0.28493933,0.83216415,0.2676405,0.23077972,-0.0022903681
