k,layer_from,layer_to,format,cut,n,mean_delta_explained_fraction,median_delta_explained_fraction,mean_active_set_jaccard,median_active_set_jaccard,mean_weighted_similarity,mean_delta_herfindahl,mean_top1_share_to,mean_persistence_length,output_alignment_rate_to,mean_output_coefficient_share_to
10,14,21,all,all,76,-0.0016744011,-0.0012102127,0.04064401,0.052631579,0.1073308,-0.0017929065,0.20474487,0,0.026315789,0.0038413302
10,14,21,chat,all,16,-0.00078571215,-0.00085011125,0.033442982,0.052631579,0.058147911,0.0092370236,0.21293418,0,0,0
10,14,21,plain,all,60,-0.0019113849,-0.0015536547,0.042564284,0.052631579,0.12044623,-0.0047342212,0.20256105,0,0.033333333,0.0048656849
10,14,21,all,-2,38,-0.0018100582,-0.001278609,0.050703384,0.052631579,0.13112098,-0.00029078252,0.20894786,0,0,0
10,14,21,all,-1,38,-0.0015387441,-0.0011645854,0.030584637,0,0.083540619,-0.0032950304,0.20054188,0,0.052631579,0.0076826603
10,14,21,all,category:antonym,14,-0.0012687913,-0.0010412037,0.046857339,0.052631579,0.099575142,-0.0072528509,0.19688314,0,0.071428571,0.0095750453
10,14,21,all,category:association,12,-0.0019938697,-0.0018802881,0.048362071,0,0.1380398,-0.0043958541,0.18446188,0,0,0
10,14,21,all,category:counting,10,-0.0016360223,-0.0013922453,0.049122807,0.052631579,0.061801013,-0.0066009928,0.2024171,0,0,0
10,14,21,all,category:factual,16,-0.002183225,-0.0019325316,0.041548418,0.026315789,0.12232568,0.0020403559,0.21454668,0,0.0625,0.0098681537
10,14,21,all,category:multihop,12,-0.0015414308,-0.0011945963,0.036119711,0.052631579,0.15738443,-0.0019600576,0.22094757,0,0,0
10,14,21,all,category:syntactic,12,-0.0013146649,-0.00081378222,0.021929825,0,0.053564731,0.0062428495,0.2068679,0,0,0
10,21,28,all,all,76,0.0072741924,0.0075508654,0.0070406279,0,0.018431797,0.021659275,0.24674941,0,0.052631579,0.011863521
10,21,28,chat,all,16,0.004112877,0.0041759014,0.0032894737,0,0.0029595926,0.016457185,0.24818269,0,0,0
10,21,28,plain,all,60,0.0081172099,0.0079277754,0.0080409357,0,0.022557718,0.0230465,0.24636721,0,0.066666667,0.015027127
10,21,28,all,-2,38,0.0066507616,0.0068312287,0.0043090182,0,0.0072181635,0.01577855,0.23714715,0,0.052631579,0.0065384177
10,21,28,all,-1,38,0.0078976233,0.0082753301,0.0097722376,0,0.02964543,0.027540001,0.25635168,0,0.052631579,0.017188625
10,21,28,all,category:antonym,14,0.0073714767,0.0060850978,0.011278195,0,0.036103196,0.011624672,0.20684921,0,0,0
10,21,28,all,category:association,12,0.0070702036,0.0070538819,0.0046296296,0,0.00064477847,0.04187024,0.28403086,0,0.16666667,0.054430646
10,21,28,all,category:counting,10,0.0078919291,0.0081326365,0,0,0,0.024188324,0.23261784,0,0,0
10,21,28,all,category:factual,16,0.0075667612,0.0081312954,0.013523392,0,0.020102731,0.018621102,0.25564789,0,0.0625,0.013660173
10,21,28,all,category:multihop,12,0.0070163061,0.0071677566,0.0043859649,0,0.0034702859,0.01584027,0.24863736,0,0,0
10,21,28,all,category:syntactic,12,0.0067176968,0.0073789954,0.0043859649,0,0.043695611,0.020917711,0.25404194,0,0.083333333,0.0024914251
10,28,35,all,all,76,0.0094901449,0.0097219944,0.016697445,0,0.039199919,0.0018491415,0.27873106,0,0.78947368,0.2018632
10,28,35,chat,all,16,0.010292988,0.0094591975,0.0098684211,0,0.018932437,0.0028070848,0.28399556,0,0.3125,0.048354158
10,28,35,plain,all,60,0.0092760533,0.0097219944,0.018518519,0,0.04460458,0.00159369,0.27732719,0,0.91666667,0.24279895
10,28,35,all,-2,38,0.010964232,0.011237293,0.011080332,0,0.022247384,0.01371405,0.29989669,0,0.86842105,0.23594468
10,28,35,all,-1,38,0.0080160577,0.0079376698,0.022314558,0,0.056152453,-0.010015767,0.25756542,0,0.71052632,0.16778172
10,28,35,all,category:antonym,14,0.008007437,0.0085417628,0.015037594,0,0.040377704,0.038613946,0.33984165,0,0.85714286,0.24630888
10,28,35,all,category:association,12,0.012795319,0.012165964,0.021929825,0,0.084353021,-0.024406533,0.25055864,0,0.83333333,0.14955202
10,28,35,all,category:counting,10,0.009189558,0.011812717,0.015789474,0,0.036905572,-0.010401395,0.24449492,0,0.8,0.18217586
10,28,35,all,category:factual,16,0.010263626,0.0094953775,0.013157895,0,0.035335674,-0.0013171382,0.26996877,0,0.875,0.21493306
10,28,35,all,category:multihop,12,0.0092962037,0.0096198022,0.0087719298,0,0.012716345,0.0036086793,0.28683773,0,0.75,0.23109333
10,28,35,all,category:syntactic,12,0.0073279192,0.0062325895,0.026803119,0,0.026220588,-0.0021165059,0.26771427,0,0.58333333,0.17207061
10,35,38,all,all,76,-0.0016464866,-0.0012480319,0.30616558,0.33333333,0.7470386,0.02338015,0.31846793,0.10526316,0.84210526,0.26234325
10,35,38,chat,all,16,-0.0036658831,-0.0038275719,0.22725549,0.17647059,0.68667361,0.027011965,0.32568015,0,0.3125,0.078206214
10,35,38,plain,all,60,-0.0011079808,-0.0010901093,0.32720828,0.33333333,0.76313594,0.022411666,0.31654467,0.13333333,0.98333333,0.31144646
10,35,38,all,-2,38,-0.00052545102,6.5326691e-05,0.29602806,0.33333333,0.77617191,0.032024678,0.3507716,0.052631579,0.89473684,0.31337668
10,35,38,all,-1,38,-0.0027675221,-0.0031332374,0.31630311,0.29166667,0.7179053,0.014735622,0.28616425,0.15789474,0.78947368,0.21130982
10,35,38,all,category:antonym,14,0.00021580287,0.00067326427,0.33652692,0.33333333,0.83417081,0.034713421,0.38102336,0.21428571,0.78571429,0.2941738
10,35,38,all,category:association,12,-0.0048773587,-0.0048492253,0.35241148,0.33333333,0.76068143,0.002465418,0.23748514,0.083333333,0.75,0.17909583
10,35,38,all,category:counting,10,0.0013307452,0.0010120869,0.29020865,0.29166667,0.76003153,0.022170856,0.29530693,0.2,0.9,0.25206909
10,35,38,all,category:factual,16,-0.0044663921,-0.0046419203,0.30230217,0.33333333,0.73454703,0.025145648,0.32431922,0,0.875,0.27666117
10,35,38,all,category:multihop,12,-0.0013232728,-0.00083187222,0.27295363,0.25,0.75196531,0.03043957,0.33507488,0.083333333,0.91666667,0.30187856
10,35,38,all,category:syntactic,12,0.00036734839,0.00079995394,0.27615875,0.25,0.63264282,0.022667063,0.32136153,0.083333333,0.83333333,0.25839097
16,14,21,all,all,76,-0.001741883,-0.0012561381,0.040540853,0.032258065,0.12228256,-0.003583237,0.16812562,0,0.039473684,0.0036916019
16,14,21,chat,all,16,-0.00081012025,-0.00087526441,0.041344549,0.032258065,0.09237256,0.0098668164,0.19154647,0,0,0
16,14,21,plain,all,60,-0.0019903531,-0.0016244054,0.040326534,0.032258065,0.13025856,-0.0071699179,0.16188006,0,0.05,0.004676029
16,14,21,all,-2,38,-0.0018773581,-0.0013328791,0.043245876,0.032795699,0.15062804,-0.0020274265,0.1706086,0,0,0
16,14,21,all,-1,38,-0.0016064079,-0.0011897087,0.03783583,0.032258065,0.093937085,-0.0051390476,0.16564264,0,0.078947368,0.0073832037
16,14,21,all,category:antonym,14,-0.0013151935,-0.0010754466,0.052455403,0.034482759,0.11821962,-0.012127529,0.15211678,0,0.071428571,0.0056892489
16,14,21,all,category:association,12,-0.0020796855,-0.0019749105,0.050012359,0.033333333,0.13162301,-0.00259683,0.15810756,0,0.083333333,0.0048398498
16,14,21,all,category:counting,10,-0.0017018199,-0.0014589131,0.037165104,0.032258065,0.08697316,-0.0078639542,0.16177112,0,0,0
16,14,21,all,category:factual,16,-0.0022660904,-0.0019913912,0.037738691,0.032258065,0.13651439,0.0019610135,0.18238536,0,0.0625,0.0089271286
16,14,21,all,category:multihop,12,-0.0015983582,-0.0012280643,0.036654484,0.032258065,0.16352064,-0.0031181912,0.188278,0,0,0
16,14,21,all,category:syntactic,12,-0.0013798525,-0.0008648634,0.027604746,0.032795699,0.086892859,0.0011085805,0.16295072,0,0,0
16,21,28,all,all,76,0.0077400725,0.0078525543,0.009173936,0,0.020710089,0.016173,0.19929481,0,0.065789474,0.010868431
16,21,28,chat,all,16,0.0044038929,0.0044358671,0.0081989247,0,0.0055532585,0.0023257548,0.18704166,0,0,0
16,21,28,plain,all,60,0.0086297204,0.0084882677,0.0094339389,0,0.02475191,0.019865599,0.20256232,0,0.083333333,0.013766679
16,21,28,all,-2,38,0.0070306659,0.0071067512,0.0035126749,0,0.0080725732,0.012849743,0.19279754,0,0.078947368,0.0075255151
16,21,28,all,-1,38,0.0084494792,0.0091289878,0.014835197,0,0.033347604,0.019496257,0.20579209,0,0.052631579,0.014211346
16,21,28,all,category:antonym,14,0.0078652714,0.0065639913,0.011915356,0,0.041573925,0.0076442028,0.16431908,0,0,0
16,21,28,all,category:association,12,0.0074479381,0.0073908865,0.011213076,0,0.0064393662,0.029742854,0.22660263,0,0.16666667,0.045002596
16,21,28,all,category:counting,10,0.0084151566,0.0086590648,0.0032258065,0,0.0021439465,0.024190016,0.19456388,0,0,0
16,21,28,all,category:factual,16,0.0080588348,0.0087287128,0.01250927,0,0.021285731,0.011477385,0.20837309,0,0.0625,0.012855211
16,21,28,all,category:multihop,12,0.0073604633,0.0075458288,0.0055555556,0,0.0052222359,0.010221717,0.2059286,0,0.083333333,0.002467506
16,21,28,all,category:syntactic,12,0.0072781642,0.0078980029,0.0080645161,0,0.040831785,0.018084668,0.1979963,0,0.083333333,0.0042230098
16,28,35,all,all,76,0.0096951566,0.0097982883,0.01956072,0,0.050630584,0.0017060948,0.23592878,0,0.78947368,0.17335565
16,28,35,chat,all,16,0.010405239,0.0097272694,0.014664442,0,0.027928187,0.00378814,0.23603702,0,0.3125,0.046527336
16,28,35,plain,all,60,0.0095058014,0.0097982883,0.020866395,0.016129032,0.056684557,0.0011508828,0.23589992,0,0.91666667,0.20717654
16,28,35,all,-2,38,0.011298893,0.011652142,0.015567004,0,0.037646923,0.0097276152,0.25415895,0,0.86842105,0.20253471
16,28,35,all,-1,38,0.0080914199,0.0079736114,0.023554437,0.016129032,0.063614245,-0.0063154255,0.21769862,0,0.71052632,0.1441766
16,28,35,all,category:antonym,14,0.0080491304,0.0084753036,0.016205837,0.016129032,0.045009524,0.033573987,0.2920433,0,0.85714286,0.21822153
16,28,35,all,category:association,12,0.013142248,0.01248017,0.030107527,0.032258065,0.10871439,-0.017662663,0.20868941,0,0.83333333,0.12386906
16,28,35,all,category:counting,10,0.0096547961,0.012298107,0.037141268,0.032258065,0.061275352,-0.015455071,0.19794888,0,0.8,0.15238792
16,28,35,all,category:factual,16,0.010365162,0.0093278587,0.01250927,0,0.044674574,0.00079719154,0.23124344,0,0.875,0.18442653
16,28,35,all,category:multihop,12,0.0095855445,0.0098676383,0.0109319,0,0.012866311,0.0016518924,0.24226376,0,0.75,0.195456
16,28,35,all,category:syntactic,12,0.0074183345,0.0063374937,0.016308244,0,0.035939664,-0.0005373102,0.22926327,0,0.58333333,0.15111032
16,35,38,all,all,76,-0.0018667634,-0.0014455914,0.29224897,0.28,0.77421845,0.024385476,0.28044995,0.039473684,0.84210526,0.22977426
16,35,38,chat,all,16,-0.0038612559,-0.0040916204,0.2518428,0.23076923,0.75426714,0.031626026,0.29012287,0,0.3125,0.067797222
16,35,38,plain,all,60,-0.0013348987,-0.0013080835,0.30302395,0.28,0.7795388,0.022454663,0.2778705,0.05,0.98333333,0.27296814
16,35,38,all,-2,38,-0.00077547368,-6.4790249e-05,0.28808291,0.28,0.80748247,0.03235546,0.30984214,0.052631579,0.89473684,0.2770793
16,35,38,all,-1,38,-0.002958053,-0.0031464696,0.29641503,0.28,0.74095444,0.016415492,0.25105775,0.026315789,0.78947368,0.18246922
16,35,38,all,category:antonym,14,2.4352755e-06,0.00049635768,0.28191977,0.28,0.84416792,0.039226891,0.34507076,0,0.78571429,0.26484186
16,35,38,all,category:association,12,-0.0050877978,-0.0052067935,0.3747995,0.39130435,0.78701062,0.0069474331,0.20893726,0,0.75,0.15772421
16,35,38,all,category:counting,10,0.0010116577,0.00074711442,0.31171998,0.30666667,0.79669371,0.025121413,0.25604865,0.2,0.9,0.21539893
16,35,38,all,category:factual,16,-0.0046470538,-0.0050666034,0.28589675,0.28,0.77157035,0.021939326,0.2833638,0,0.875,0.24012029
16,35,38,all,category:multihop,12,-0.0015602509,-0.0011178851,0.25413648,0.23076923,0.77190224,0.030127245,0.29499385,0.083333333,0.91666667,0.26343183
16,35,38,all,category:syntactic,12,0.0001753966,0.00056436658,0.25210545,0.28,0.66693618,0.021415019,0.27847705,0,0.83333333,0.22543929
25,14,21,all,all,76,-0.0017692384,-0.0012730658,0.040314222,0.034346847,0.12912888,-0.0075796298,0.14820247,0,0.039473684,0.003453597
25,14,21,chat,all,16,-0.00081529096,-0.00088596344,0.037257798,0.035252644,0.10684963,0.0035930642,0.18138061,0,0,0
25,14,21,plain,all,60,-0.0020236244,-0.0016414225,0.041129268,0.031944444,0.13507002,-0.010559015,0.13935497,0,0.05,0.0043745562
25,14,21,all,-2,38,-0.0019019983,-0.0013448894,0.042834492,0.031944444,0.15863402,-0.0073185041,0.14968177,0,0,0
25,14,21,all,-1,38,-0.0016364785,-0.0011994839,0.037793951,0.034790109,0.099623747,-0.0078407556,0.14672318,0,0.078947368,0.0069071941
25,14,21,all,category:antonym,14,-0.0013326747,-0.001083672,0.051177468,0.044466403,0.11729531,-0.018753559,0.12964701,0,0.071428571,0.0044519239
25,14,21,all,category:association,12,-0.0021203756,-0.002047658,0.038859335,0.032146161,0.12712036,-0.0014676014,0.14501902,0,0.083333333,0.0068804576
25,14,21,all,category:counting,10,-0.0017319322,-0.0014928281,0.037278253,0.031914894,0.099281602,-0.011505817,0.13567147,0,0,0
25,14,21,all,category:factual,16,-0.0022999756,-0.0020256937,0.043958542,0.042109929,0.145466,-0.0035742646,0.16224127,0,0.0625,0.0073488093
25,14,21,all,category:multihop,12,-0.0016189913,-0.001244396,0.036102465,0.024624625,0.17382344,-0.0069614663,0.17104794,0,0,0
25,14,21,all,category:syntactic,12,-0.0014011115,-0.00087296963,0.030977957,0.021054965,0.1033386,-0.003342235,0.14191261,0,0,0
25,21,28,all,all,76,0.0080335964,0.0080283284,0.012759913,0,0.023372419,0.013564974,0.17483073,0,0.092105263,0.010535764
25,21,28,chat,all,16,0.0045588575,0.0045517087,0.013894366,0,0.0087177446,-0.0028087837,0.16039711,0,0,0
25,21,28,plain,all,60,0.0089601934,0.008764118,0.012457392,0,0.027280333,0.017931309,0.17867969,0,0.11666667,0.013345301
25,21,28,all,-2,38,0.0072475687,0.0072496831,0.0066392379,0,0.011284866,0.01302365,0.17089546,0,0.10526316,0.008465401
25,21,28,all,-1,38,0.008819624,0.0094394982,0.018880588,0.020620748,0.035459973,0.014106297,0.178766,0,0.078947368,0.012606127
25,21,28,all,category:antonym,14,0.0081625283,0.0069020092,0.017064085,0,0.042992959,0.006974183,0.14222605,0,0.071428571,0.00084262124
25,21,28,all,category:association,12,0.0076832821,0.007581681,0.012419279,0,0.01263224,0.024968619,0.19562334,0,0.16666667,0.038936344
25,21,28,all,category:counting,10,0.008737874,0.0089769959,0.0062518092,0,0.0057817397,0.021093304,0.17366302,0,0,0
25,21,28,all,category:factual,16,0.0083923601,0.0090670884,0.016310737,0.010204082,0.024253219,0.0089269272,0.18053701,0,0.0625,0.012434735
25,21,28,all,category:multihop,12,0.0075350255,0.0076949,0.0071323492,0,0.0064076179,0.0071165887,0.1872085,0,0.083333333,0.0040673854
25,21,28,all,category:syntactic,12,0.0076668113,0.0080449879,0.014395564,0.010204082,0.041671272,0.016209423,0.17306384,0,0.16666667,0.0061600704
25,28,35,all,all,76,0.0097615382,0.0097626448,0.02170044,0.020408163,0.055911233,0.00045872615,0.21204632,0,0.84210526,0.15918142
25,28,35,chat,all,16,0.010450151,0.0099391639,0.014673451,0,0.023532155,-0.00040375175,0.20641498,0,0.375,0.045198719
25,28,35,plain,all,60,0.0095779081,0.0097059906,0.023574304,0.020408163,0.064545654,0.00068872025,0.21354801,0,0.96666667,0.1895768
25,28,35,all,-2,38,0.011466334,0.011669725,0.020804366,0.020408163,0.046589906,0.0060195333,0.22927919,0,0.92105263,0.18787124
25,28,35,all,-1,38,0.0080567426,0.0079224706,0.022596514,0.020408163,0.06523256,-0.005102081,0.19481344,0,0.76315789,0.1304916
25,28,35,all,category:antonym,14,0.0080177571,0.0083440244,0.011875685,0.010204082,0.045283942,0.028211885,0.26274634,0,0.92857143,0.20149541
25,28,35,all,category:association,12,0.013298462,0.012506217,0.035652153,0.020620748,0.12124464,-0.01610502,0.18534296,0,0.83333333,0.11092864
25,28,35,all,category:counting,10,0.0098669112,0.012559801,0.032802151,0.020408163,0.053513913,-0.015153818,0.17476866,0,0.8,0.13821664
25,28,35,all,category:factual,16,0.010332692,0.0094299316,0.017607852,0.010204082,0.050147617,0.002338082,0.21124569,0,0.875,0.17026
25,28,35,all,category:multihop,12,0.0097782314,0.010068238,0.017717782,0.010204082,0.022531995,-0.0023442139,0.21867254,0,0.83333333,0.17708382
25,28,35,all,category:syntactic,12,0.0073929826,0.006300807,0.019398958,0.020408163,0.046038162,-0.0020486275,0.20510564,0,0.75,0.14286469
25,35,38,all,all,76,-0.0020017561,-0.0016308129,0.301936,0.28205128,0.80935043,0.026188188,0.26075201,0.078947368,0.89473684,0.21313458
25,35,38,chat,all,16,-0.0039892606,-0.004234761,0.27330051,0.26923077,0.80328951,0.038264744,0.27410002,0,0.5625,0.065223917
25,35,38,plain,all,60,-0.0014717549,-0.0014292598,0.30957213,0.30263158,0.81096667,0.022967773,0.25719254,0.1,0.98333333,0.25257743
25,35,38,all,-2,38,-0.00091110719,-0.00022336841,0.29280527,0.28205128,0.83268261,0.032344204,0.28726896,0.078947368,0.89473684,0.25671598
25,35,38,all,-1,38,-0.003092405,-0.0032294691,0.31106672,0.31578947,0.78601825,0.020032171,0.23423505,0.078947368,0.89473684,0.16955318
25,35,38,all,category:antonym,14,-0.00011777452,0.00043919683,0.30996304,0.29892038,0.87944129,0.043663239,0.325044,0.071428571,0.92857143,0.25066496
25,35,38,all,category:association,12,-0.005223006,-0.0053941607,0.36928013,0.35135135,0.82644478,0.0094083262,0.19197572,0.16666667,0.83333333,0.14471218
25,35,38,all,category:counting,10,0.00083540082,0.00056308508,0.32314195,0.3031878,0.82228711,0.024926215,0.23506187,0.2,0.9,0.19654964
25,35,38,all,category:factual,16,-0.0047657602,-0.0052092373,0.2907561,0.30263158,0.80252089,0.02138608,0.26424549,0,0.9375,0.22283964
25,35,38,all,category:multihop,12,-0.0017304122,-0.0013462305,0.28171316,0.26602564,0.80894426,0.033978729,0.27552878,0.083333333,0.91666667,0.24269994
25,35,38,all,category:syntactic,12,7.1212649e-05,0.00043404102,0.24268473,0.25320513,0.70921507,0.022244404,0.25649465,0,0.83333333,0.2090869
